owner,claim_id,statement,num,unit,basis,period,scope,origin,as_of,url,quote,quote_check,verdicts
adobe-stock,adobe-stock-c025,"The Standard License caps a Work at 500,000 printed copies or an expected audience of 500,000 viewers, with no cap for web and social display.",500000,printed copies or viewers per Work,"Standard License reproduction cap for the buyer; web, social and app display exempt from the audience cap",aggregate over the licence,"Adobe Stock, Standard License",legal_text,2025-08-08,https://www.adobe.com/cc-shared/assets/pdf/legal/servicetou/stock-product-specific-terms-en-us-20250808.pdf,"cause or allow a Work to appear on more than 500,000 printed materials",exact,vendor_only; quote_incomplete
adobe-stock,adobe-stock-c034,"Adobe's aggregate liability for any indemnified Stock Asset is capped at US$10,000 per asset.",10000,USD per asset,cap on Adobe's indemnity liability to the buyer for a licensed and paid-for Stock Asset; editorial works excluded,aggregate,Adobe Stock,legal_text,2025-08-08,https://www.adobe.com/cc-shared/assets/pdf/legal/servicetou/stock-product-specific-terms-en-us-20250808.pdf,"will in no event exceed US$10,000 per each asset",exact,vendor_only; scope_ok
adobe-stock,adobe-stock-c043,"The Adobe Stock plan of 10 credits a month without AI Studio was priced at ₹2,394.22 a month on the Indian pricing page.",2394.22,INR per month,"buyer pays; 10 credits a month, annual commitment; price as displayed to an Indian visitor, tax treatment not stated",per month,"Adobe Stock, 10 Stock credits/mo, India",vendor_stated,2026-10-01,https://stock.adobe.com/plans,"₹2,394.22/mo",exact,
adobe-stock,adobe-stock-c044,"The Adobe Stock plan of 10 credits a month with AI Studio was priced at ₹3,193.08 a month on the Indian pricing page.",3193.08,INR per month,"buyer pays; 10 credits a month plus AI Studio; price as displayed to an Indian visitor, tax treatment not stated",per month,"Adobe Stock, 10 Stock credits/mo with AI Studio, India",vendor_stated,2026-10-01,https://stock.adobe.com/plans,"₹3,193.08/mo",exact,
adobe-stock,adobe-stock-c045,"The Adobe Stock plan of 750 credits a month with AI Studio was priced at ₹15,965.40 a month on the Indian pricing page.",15965.4,INR per month,"buyer pays; 750 credits a month; price as displayed to an Indian visitor, tax treatment not stated",per month,"Adobe Stock, 750 Stock credits/mo with AI Studio, India",vendor_stated,2026-10-01,https://stock.adobe.com/plans,"₹15,965.40/mo",exact,vendor_only; quote_incomplete
adobe-stock,adobe-stock-c046,On a 10-credit plan a video costs 8 credits and is limited to one a month.,8,credits per video,credits the buyer spends per standard video on the 10-credit plan,per asset,"Adobe Stock, 10 Stock credits/mo, India",vendor_stated,2026-10-01,https://stock.adobe.com/plans,8 credits each,exact,
adobe-stock,adobe-stock-c047,Premium images cost 12 to 50 credits each.,12,credits per premium image (lower bound of 12-50 range),credits the buyer spends per premium image; range 12 to 50,per asset,"Adobe Stock, Premium images, India",vendor_stated,2026-10-01,https://stock.adobe.com/plans,12 - 50credits each,missing 0.00,
adobe-stock,adobe-stock-c050,"Adobe Stock pays contributors 33% royalties on photos, vectors and illustrations.",33,percent,contributor's share of the licence price; earnings per download based on US-customer pricing,per licence,"Adobe Stock contributor programme, Images",vendor_stated,2026-10-01,https://contributor.stock.adobe.com/royalties,33% royalties,exact,unverifiable; quote_incomplete
adobe-stock,adobe-stock-c051,Adobe Stock pays contributors 35% royalties on video.,35,percent,contributor's share of the licence price; earnings per download based on US-customer pricing,per licence,"Adobe Stock contributor programme, Video",vendor_stated,2026-10-01,https://contributor.stock.adobe.com/royalties,35% royalties,exact,unverifiable; quote_incomplete
adobe-stock,adobe-stock-c053,A contributor earns US$26.40 per on-demand Extended License image download ($21.12 via subscription).,26.4,USD per download,contributor earning per on-demand Extended License image; $21.12 when licensed via subscription,per licence,"Adobe Stock contributor programme, Extended license",vendor_stated,2026-10-01,https://contributor.stock.adobe.com/royalties,$26.40 / $21.12,exact,vendor_only; quote_incomplete
adobe-stock,adobe-stock-c054,A contributor earns US$1.65 per image downloaded on a monthly 10-credit plan and $0.99 on an annual one.,1.65,USD per download,contributor earning per image from a monthly 10-credit subscriber; $0.99 from an annual subscriber,per licence,"Adobe Stock contributor programme, 10 credits per month",vendor_stated,2026-10-01,https://contributor.stock.adobe.com/royalties,$1.65 / $0.99,exact,
adobe-stock,adobe-stock-c067,Adobe Stock affiliates earn a US$72 commission when a referred user subscribes to a plan of at least 10 images a month.,72,USD per referred subscription,Adobe pays the affiliate a referral commission when the referred user subscribes to a plan of 10+ images a month,one-off,"Adobe Stock API, Affiliate programme",vendor_stated,2026-10-01,https://developer.adobe.com/stock/docs/faq/stock-api-business-faq,$72 when referred user subscribe to a plan with minimum 10 images a month,exact,disputed; scope_wrong
aikosh,aikosh-c002,"AIKosh says on its home page that it lists more than 15,999 datasets.",15999,datasets listed,"vendor home-page counter, shown as a lower bound ('15999+'); includes open, restricted and redirected listings",as of retrieval,"AIKosh, India",vendor_stated,2026-10-01,https://aikosh.indiaai.gov.in/,15999+,exact,vendor_only; quote_incomplete
aikosh,aikosh-c003,AIKosh says on its home page that 671 organisations are on the platform.,671,organisations,vendor home-page counter; not stated whether all have contributed artefacts,as of retrieval,"AIKosh, India",vendor_stated,2026-10-01,https://aikosh.indiaai.gov.in/,671,exact,vendor_only; quote_incomplete
aikosh,aikosh-c042,AIKosh's home page lists CPU-only and basic GPU notebook compute as free.,0,INR,price to the user for CPU-only and Basic GPU notebook tiers; Advance GPU also free but requires approval,not stated,"AIKosh Notebook compute, India",vendor_stated,2026-10-01,https://aikosh.indiaai.gov.in/,Basic GPU - Free,missing 0.00,vendor_only; quote_incomplete
aikosh,aikosh-c063,"An undated IndiaAI call for proposals says AIKosh had onboarded over 10,000 datasets.",10000,datasets onboarded,IndiaAI's own statement in an undated call for proposals; lower bound ('over'),cumulative since launch,"AIKosh, India",vendor_stated,2026-10-01,https://aikosh.indiaai.gov.in/cdn/documents/Call_for_Proposal_AIKosh_University_Engagement_Programme_final_v2.pdf,"The platform has onboarded over 10,000 datasets and approximately 300 AI models from more than 55 entities",exact,confirmed_relayed; scope_ok
aikosh,aikosh-c064,The same IndiaAI call for proposals says AIKosh's datasets and models came from more than 55 entities.,55,contributing entities,IndiaAI's own statement in an undated call for proposals; lower bound ('more than'),cumulative since launch,"AIKosh, India",vendor_stated,2026-10-01,https://aikosh.indiaai.gov.in/cdn/documents/Call_for_Proposal_AIKosh_University_Engagement_Programme_final_v2.pdf,from more than 55 entities across 20 sectors,exact,unverifiable; scope_ok
aikosh,aikosh-c065,"IndiaAI says AIKosh had recorded over 25,000 registrations.",25000,user registrations,IndiaAI's own statement in an undated call for proposals; lower bound ('over'),cumulative since launch,"AIKosh, India",vendor_stated,2026-10-01,https://aikosh.indiaai.gov.in/cdn/documents/Call_for_Proposal_AIKosh_University_Engagement_Programme_final_v2.pdf,"the platform has recorded over 17 lakh visits and 25,000 registrations",exact,unverifiable; scope_ok
appen,appen-c007,"Appen says its catalog includes 596 datasets across RL tasks, code, text, speech and audio, enterprise data, image and video, and specialty datasets.",596,datasets listed in catalog,"vendor-stated count of catalog listings, all categories",as of retrieval,,vendor_stated,2026-10-01,https://www.appen.com/data-catalog,"Appen's catalog includes 596 datasets across RL tasks, code, text, speech and audio, enterprise data",exact,vendor_only; scope_ok
appen,appen-c011,"The Selfie listing states 1,403 images and 1,535 videos across 1,566 recording sessions by 70 unique participants.",70,unique participants,vendor-stated dataset composition on listing,one-off,"IMG_VID_SELFIE_US, US",vendor_stated,2026-10-01,https://www.appen.com/data-catalog/image-video-sets/img-vid-selfie-us,"There are 1403 images and 1535 videos across 1566 recording sessions, by 70 unique participants.",exact,vendor_only; scope_ok
appen,appen-c032,"In February 2021 Appen said its OTS offering exceeded 250 datasets, with over 11,000 hours of audio, 25,000 images and 8.7 million words across 80 languages.",250,datasets in OTS offering,"vendor-stated count, all modalities",as of 2021-02-25,,vendor_stated,2021-02-25,https://www.appen.com/press-release/new-pre-labeled-datasets-from-appen,"Appen’s total OTS offering includes over 250 datasets, comprising of over 11,000 hours of audio, over 25,000 images",exact,confirmed_independent; quote_incomplete
appen,appen-c033,"In February 2021 Appen said an OTS dataset is often delivered in one week, compared with eight to twelve weeks for a new collection and annotation project.",1,weeks to deliver an OTS dataset (typical),vendor-stated typical delivery time vs 8-12 weeks for new collection,per order,,vendor_stated,2021-02-25,https://www.appen.com/press-release/new-pre-labeled-datasets-from-appen,"An OTS dataset is often delivered in one week, for example, compared to the eight to twelve weeks for a new dataset collection",exact,unverifiable; scope_ok
appen,appen-c037,"Appen's H1 FY26 ASX announcement reports group revenue of US$119.9 million for the six months to 30 June 2026, up 17% on the prior period.",119.9,USD million revenue,"group revenue, all business lines, H1 FY26 (six months to 30 June 2026)",half-year,,filing,2026-08-27,https://cdn-api.markitdigital.com/apiman-gateway/ASX/asx-research/1.0/file/2924-03126948-2A1692509?access_token=83ff96335c2d45a094df02a206a39ff4,"Revenue of $119.9 million, +17% vs prior corresponding period (pcp)",pdf_unparsed,confirmed_independent; scope_ok
appen,appen-c042,Appen's H1 FY26 investor presentation says its audio catalog holds ~200k raw hours across 58 language/domain lines.,200000,raw audio hours in catalog,"vendor-stated catalog scale, audio only, approximate",as of 2026-08,,vendor_stated,2026-08-27,https://cdn-api.markitdigital.com/apiman-gateway/ASX/asx-research/1.0/file/2924-03126949-2A1692513?access_token=83ff96335c2d45a094df02a206a39ff4,~200k raw hours across 58 language/domain lines,pdf_unparsed,unverifiable; scope_ok
aws-data-exchange,aws-data-exchange-c050,AWS Marketplace charges a 3% listing fee on AWS Data Exchange public offers.,3,percent,"listing fee paid by the seller (deducted from disbursement), percent of pre-tax total contract value, AWS Data Exchange public offers",per transaction,,vendor_stated,2024-01-05,https://docs.aws.amazon.com/marketplace/latest/userguide/listing-fees.html,AWS Data Exchange – 3%,exact,confirmed_independent; scope_ok
aws-data-exchange,aws-data-exchange-c051,AWS Marketplace charges a 3% listing fee on private offers with total contract value under USD 1M.,3,percent,"listing fee paid by the seller, percent of pre-tax total contract value, private offers under USD 1M (all product types incl. data)",per transaction,,vendor_stated,2024-01-05,https://docs.aws.amazon.com/marketplace/latest/userguide/listing-fees.html,Less than $1M – 3%,exact,confirmed_independent; scope_ok
aws-data-exchange,aws-data-exchange-c052,AWS Marketplace charges a 2% listing fee on private offers with total contract value from USD 1M to under USD 10M.,2,percent,"listing fee paid by the seller, percent of pre-tax total contract value, private offers USD 1M to under 10M",per transaction,,vendor_stated,2024-01-05,https://docs.aws.amazon.com/marketplace/latest/userguide/listing-fees.html,Between $1M and less than $10M – 2%,exact,confirmed_independent; scope_ok
aws-data-exchange,aws-data-exchange-c053,AWS Marketplace charges a 1.5% listing fee on private offers with total contract value of USD 10M or more.,1.5,percent,"listing fee paid by the seller, percent of pre-tax total contract value, private offers USD 10M or more",per transaction,,vendor_stated,2024-01-05,https://docs.aws.amazon.com/marketplace/latest/userguide/listing-fees.html,Equal to or greater than $10M – 1.5%,exact,confirmed_independent; scope_ok
aws-data-exchange,aws-data-exchange-c054,AWS Marketplace charges a 1.5% listing fee on all private offer renewals.,1.5,percent,"listing fee paid by the seller, percent of pre-tax total contract value, renewals of private offers or of prior off-Marketplace agreements",per transaction,,vendor_stated,2024-01-05,https://docs.aws.amazon.com/marketplace/latest/userguide/listing-fees.html,All renewals – 1.5%,exact,confirmed_independent; scope_ok
aws-data-exchange,aws-data-exchange-c057,Channel partner private offers add a 0.5 percentage-point uplift to the AWS Marketplace listing fee.,0.5,percentage points,"uplift on the seller's listing fee for channel partner private offers, any offer type or deployment method",per transaction,,vendor_stated,2024-01-05,https://docs.aws.amazon.com/marketplace/latest/userguide/listing-fees.html,CPPO products have a 0.5% uplift on the listing fee,exact,confirmed_independent; scope_ok
aws-data-exchange,aws-data-exchange-c058,AWS Data Exchange charges data senders USD 0.04167 per hour while an accepted data grant is active.,0.04167,USD per hour,"paid by the data sender, per active accepted data grant (worked example on pricing page)",per hour,,vendor_stated,2026-09-30,https://aws.amazon.com/data-exchange/pricing/,you will be charged $.04167 per hour until your data grant expires,exact,confirmed_independent; scope_wrong
aws-data-exchange,aws-data-exchange-c059,AWS Data Exchange charges for storing data loaded into the service; the pricing example uses USD 0.023 per GB-month.,0.023,USD per GB-month,"storage of Files assets loaded into AWS Data Exchange, paid by the data sender; rate taken from the page's worked example",per month,,vendor_stated,2026-09-30,https://aws.amazon.com/data-exchange/pricing/,at $0.023/GB/month,exact,confirmed_independent; scope_ok
aws-data-exchange,aws-data-exchange-c070,The standard DSA caps each party's aggregate liability at the greater of three times the subscriber's spend in the prior twelve months or USD 1 million.,3,multiple of subscriber spend in the preceding 12 months,"general liability cap for either party under the default DSA; the cap is the greater of this or USD 1,000,000; carve-outs for indemnity, confidentiality, gross negligence, fraud",trailing 12 months,Data Subscription Agreement for AWS Marketplace (2022-07-14 template),legal_text,2022-07-14,https://aws-mp-standard-contracts.s3.amazonaws.com/Data-Subscription-Agreement-for-AWS-Marketplace-2022-07-14.pdf,SHALL EXCEED THE GREATER OF THREE TIMES THE SUBSCRIBER SPEND IN THE TWELVE (12) MONTHS,exact,confirmed_independent; scope_wrong
aws-data-exchange,aws-data-exchange-c071,Under the standard DSA the subscriber must remove the data from its systems within 90 days after the subscription ends and destroy other copies if the provider instructs.,90,calendar days,"deadline for subscriber to remove data after termination or expiry, default DSA",one-off,Data Subscription Agreement for AWS Marketplace (2022-07-14 template),legal_text,2022-07-14,https://aws-mp-standard-contracts.s3.amazonaws.com/Data-Subscription-Agreement-for-AWS-Marketplace-2022-07-14.pdf,"within ninety (90) calendar days following such termination or expiration, Subscriber will remove the Data",exact,confirmed_independent; scope_wrong
aws-data-exchange,aws-data-exchange-c072,The standard DSA requires the provider to carry at least USD 5 million of commercial general liability insurance per occurrence.,5000000,USD,"minimum commercial general liability insurance the provider must maintain, per occurrence and aggregate, default DSA; USD 5M professional liability also required",per occurrence,Data Subscription Agreement for AWS Marketplace (2022-07-14 template),legal_text,2022-07-14,https://aws-mp-standard-contracts.s3.amazonaws.com/Data-Subscription-Agreement-for-AWS-Marketplace-2022-07-14.pdf,"not less than $5,000,000 per occurrence and $5,000,000 aggregate limit",exact,unverifiable; scope_ok
aws-data-exchange,aws-data-exchange-c084,Subscribers to file products can auto-export new revisions to up to five of their own S3 buckets when the provider publishes them.,5,S3 buckets,"maximum number of subscriber-owned buckets for automatic export of new revisions, Files products",not stated,,vendor_stated,2026-09-30,https://docs.aws.amazon.com/data-exchange/latest/userguide/product-subscriptions.html,automatically export new revisions to your Amazon S3 buckets (up to five buckets maximum),exact,unverifiable; scope_ok
aws-data-exchange,aws-data-exchange-c101,An S3 data access data set can share an entire bucket or up to five prefixes or objects within one bucket.,5,prefixes or objects per S3 data access share,maximum locations selectable within one bucket per data access share; whole bucket also allowed,not stated,,vendor_stated,2026-09-30,https://docs.aws.amazon.com/data-exchange/latest/userguide/publish-s3-data-access-product.html,specify up to five prefixes or objects within an Amazon S3 bucket,exact,unverifiable; scope_ok
aws-data-exchange,aws-data-exchange-c103,A provider can attach up to 10 samples of at most 50 MB to a product; CSV samples can be previewed.,10,samples per product data set,"maximum number of provider-uploaded samples, 50 MB maximum size",not stated,,vendor_stated,2026-09-30,https://docs.aws.amazon.com/data-exchange/latest/userguide/publish-s3-data-access-product.html,You can upload up to 10 samples with a maximum size of 50 MB.,exact,unverifiable; scope_wrong
aws-data-exchange,aws-data-exchange-c114,SilverLining.Cloud's currency history data product shows a public price of USD 370 for a 12-month contract.,370,USD,"public offer list price paid by buyer, Product Access dimension, 12-month contract",per 12 months,"Currency Exchange Historical Data (140+ currencies), 12-month contract",vendor_stated,2026-09-30,https://aws.amazon.com/marketplace/pp/prodview-vyrjcczmkjaeu,$370.00,exact,unverifiable; scope_ok
aws-data-exchange,aws-data-exchange-c119,"AWS says AWS Data Exchange has more than 3,500 products from over 300 providers.",3500,data products,"vendor-stated catalogue size, over 300 providers; undated page",not stated,,vendor_stated,2026-09-30,https://aws.amazon.com/data-exchange/why-aws-data-exchange/,"AWS Data Exchange is the only data marketplace with more than 3,500 products from over 300 providers",exact,unverifiable; scope_ok
aws-data-exchange,aws-data-exchange-c120,"VentureBeat reported, citing Amazon, that more than 80 providers contributed over 1,000 data products at launch in November 2019.",80,data providers,"providers at launch, as stated by Amazon and relayed by press; over 1,000 products",at launch,,press_relayed,2019-11-13,https://venturebeat.com/2019/11/13/amazons-aws-data-exchange-launches-with-over-80-data-providers/,"More than 80 data providers have contributed over 1,000 products containing data at launch, Amazon says.",fetch_failed,confirmed_independent; scope_ok
bee-maps,bee-maps-c005,Bee Maps lists Street Level Imagery at USD 0.005 per image.,0.005,USD per image,"buyer pays list price, consumption-based, deducted from prepaid API balance",per unit,Street Level Imagery,vendor_stated,2026-10-01,https://beemaps.com/pricing,Street Level Imagery$0.005/ image,exact,vendor_only; scope_ok
bee-maps,bee-maps-c006,Bee Maps lists AI Event Videos at USD 6 per video clip.,6,USD per video,"buyer pays list price, consumption-based, deducted from prepaid API balance",per unit,AI Event Videos,vendor_stated,2026-10-01,https://beemaps.com/pricing,AI Event Videos$6/ video,exact,vendor_only; scope_ok
bee-maps,bee-maps-c007,"Bee Maps lists Road Detections at USD 3 per 1,000 detections.",3,"USD per 1,000 detections","buyer pays list price, consumption-based",per unit,Road Detections,vendor_stated,2026-10-01,https://beemaps.com/pricing,Road Detections$3/ 1K detections,exact,
bee-maps,bee-maps-c008,Bee Maps lists Burst on-demand mapping at USD 1 per location requested.,1,USD per location,buyer pays per location requested for on-demand capture; delivery depends on drivers,per request,Burst,vendor_stated,2026-10-01,https://beemaps.com/pricing,Burst (on-demand mapping)$1/ location,exact,vendor_only; scope_ok
bee-maps,bee-maps-c009,Bee Edge AI on the customer's own devices is listed at USD 15 per device per month including 1 GB.,15,USD per device per month,customer pays to run its own ML workloads on its own Bee devices; includes 1 GB,per month,"Bee Edge AI, Own Devices",vendor_stated,2026-10-01,https://beemaps.com/pricing,Own Devices$15 / device / moincludes 1GB,exact_nospace,
bee-maps,bee-maps-c010,Bee Edge AI on own devices charges USD 3 per GB above the included 1 GB.,3,USD per GB,"overage above the included 1 GB per device, Own Devices scenario",per unit,"Bee Edge AI, Own Devices",vendor_stated,2026-10-01,https://beemaps.com/pricing,$3 / GB,exact,
bee-maps,bee-maps-c011,"Bee Edge AI on network devices is listed at USD 0.02 per km, including 5 MB per km.",0.02,USD per km,customer pays per km driven by network (contributor) devices running its workload; includes 5 MB/km,per unit,"Bee Edge AI, Network Devices",vendor_stated,2026-10-01,https://beemaps.com/pricing,Network Devices$0.02 / kmincludes 5MB/km,exact_nospace,
bee-maps,bee-maps-c012,Bee Edge AI on network devices charges USD 0.05 per 10 MB above the included allowance.,0.05,USD per 10 MB,"overage above 5 MB/km, Network Devices scenario",per unit,"Bee Edge AI, Network Devices",vendor_stated,2026-10-01,https://beemaps.com/pricing,$0.05 / 10MB,exact,
bee-maps,bee-maps-c017,"A Bee Maps buyer can top up the API balance by a custom amount between USD 5 and USD 1,000.",1000,USD maximum custom top-up,"buyer-paid prepaid top-up; custom amount range USD 5 to 1,000; presets USD 10, 25, 50, 100",per top-up,,vendor_stated,2026-10-01,https://beemaps.com/docs/platform/billing-and-payment,"or enter a custom amount between $5 and $1,000",exact,
bee-maps,bee-maps-c018,Bee Maps says every new account starts with USD 20 in free API credits.,20,USD free API credit,"granted by Bee Maps to each new buyer account, usable on data APIs",one-off,,vendor_stated,2026-03-06,https://beemaps.com/blog/api-billing-and-free-credits,Every new Bee Maps account starts with $20 in free API credits,exact,vendor_only; scope_ok
bee-maps,bee-maps-c032,Bee membership is priced at USD 19 per month per membership.,19,USD per membership per month,"paid by the membership customer to Bee Maps; per Bee docs membership bundles device, Beekeeper software and LTE; not a data price",per month,Bee membership,legal_text,2025-10-06,https://beemaps.com/tos/bee-membership,Service Fees: $19 per month per membership,exact,
bee-maps,bee-maps-c064,Bee Maps says 754 million total km have been mapped.,754000000,km mapped (total),vendor-stated cumulative km driven by the network; not independently verified,cumulative,,vendor_stated,2026-10-01,https://beemaps.com/,754MTotal KM Mapped,missing 0.00,unverifiable; scope_ok
bee-maps,bee-maps-c065,Bee Maps says it covers 37% of global roads.,37,percent of world roads,vendor-stated coverage share; method not stated,cumulative,,vendor_stated,2026-10-01,https://beemaps.com/,37%Global Road Coverage,exact,
bee-maps,bee-maps-c066,Bee Maps says it has contributors across 100+ countries.,100,countries with contributors (lower bound),vendor-stated,as of retrieval,,vendor_stated,2026-10-01,https://beemaps.com/about,Contributors across 100+ countries.,exact,
build-ai,build-ai-c003,Build AI says it scaled from zero to a $100M revenue run rate in 2026.,100000000,USD revenue run rate,company-stated annualised revenue run rate on its hiring blurb; not audited or independently reported,per year,,vendor_stated,2026-10-01,https://www.build.ai/,we scaled from 0->$100M revenue run rate in 2026,exact,unverifiable; scope_ok
build-ai,build-ai-c004,Build AI says it has raised more than $30M from investors.,30000000,USD raised (lower bound),"company-stated cumulative funding, 'more than'; no filing found",cumulative,,vendor_stated,2026-10-01,https://www.build.ai/,backed by top investors ($30M+ raised),exact,unverifiable; scope_ok
build-ai,build-ai-c038,"Build AI's Egocentric-10K contains 10,000 hours of video.",10000,hours of video,dataset card statistics table,one-off,"Egocentric-10K, open",vendor_stated,2026-10-01,https://huggingface.co/datasets/builddotai/Egocentric-10K,"Total Hours 10,000",exact,confirmed_independent; scope_ok
build-ai,build-ai-c042,"Build AI's Egocentric-100K contains 100,405 hours of video.",100405,hours of video,dataset card statistics table,one-off,"Egocentric-100K, open",vendor_stated,2026-10-01,https://huggingface.co/datasets/builddotai/Egocentric-100K,"Total Hours 100,405",exact,unverifiable; scope_ok
build-ai,build-ai-c050,Build AI's founder says the company announced $1M for research and compute grants for academic researchers.,1000000,USD in research/compute grants,founder-stated grant pool for academic researchers,not stated,,vendor_stated,2026-10-01,https://eddy.build,we recently announced $1M dedicated to research/compute grants for academic researchers.,exact,unverifiable; scope_ok
crowdworks-a1-data-marketplace,crowdworks-a1-data-marketplace-c009,"Crowdworks says A1 Data Marketplace distributes more than 100 TB of physical-AI data (gripper dual-arm robot, sensor-glove and ten-finger robot datasets).",100,TB of physical-AI data distributed (lower bound),"vendor-stated volume listed on A1, not sales",as of 2026-05-28,A1 Data Marketplace,vendor_stated,2026-05-28,https://crowdworks.blog/physical-ai-data-lab-launch,10개 손가락을 가진 로봇 데이터셋 등 총 100TB 이상 규모의 데이터를 유통하고 있다,exact,confirmed_relayed; scope_ok
crowdworks-a1-data-marketplace,crowdworks-a1-data-marketplace-c015,"Crowdworks said at launch that A1 offers a multilingual audio dataset of 570,000 tracks in total.",570000,audio tracks,"size of one listed multilingual audio dataset, vendor-stated",as of 2025-04-03,A1 Data Marketplace,vendor_stated,2025-04-03,https://crowdworks.blog/a1datamaketplace/,다국어 기반의 총 57만 트랙 오디오 데이터셋,exact,confirmed_relayed; scope_ok
crowdworks-a1-data-marketplace,crowdworks-a1-data-marketplace-c027,Crowdworks says on the A1 homepage that it has grown with 567 customer companies.,567,customer companies,"Crowdworks company-wide customers, vendor-stated, not A1-specific",cumulative,A1 Data Marketplace,vendor_stated,2026-10-01,https://a1dm.crowdworks.ai/,함께 성장한 고객 수 : 567개 기업,exact,vendor_only; scope_ok
crowdworks-a1-data-marketplace,crowdworks-a1-data-marketplace-c028,Crowdworks claims on the A1 homepage that 70% of the KOSPI top-30 companies by market capitalisation are its customers.,70,percent of KOSPI top-30 companies that are customers,"Crowdworks company-wide, vendor-stated",cumulative,A1 Data Marketplace,vendor_stated,2026-10-01,https://a1dm.crowdworks.ai/,코스피 시가총액 Top30 기업 중 70%가 크라우드웍스 고객,exact,unverifiable; scope_ok
crowdworks-a1-data-marketplace,crowdworks-a1-data-marketplace-c031,"The A1 robot-arm teleoperation listing states 12,763 successful demonstrations across 12 task types by 145 participating operators (global users).",145,teleoperators contributing,"listing spec, vendor-stated",dataset as listed 2026-10-01,A1 listing: 로봇팔 원격조작 데이터셋,vendor_stated,2026-10-01,https://a1dm.crowdworks.ai/%eb%a1%9c%eb%b4%87%ed%8c%94-%ec%9b%90%ea%b2%a9%ec%a1%b0%ec%9e%91-%eb%8d%b0%ec%9d%b4%ed%84%b0%ec%85%8b-%ec%82%ac%eb%9e%8c%ec%9d%b4-%ea%b0%80%ec%83%81-%eb%a1%9c%eb%b4%87%ed%8c%94%ec%9d%84-%ec%a7%81/,"작업 종류 12가지, 참여 조작자 145명 (글로벌 유저)",exact,confirmed_relayed; quote_incomplete
crowdworks-a1-data-marketplace,crowdworks-a1-data-marketplace-c037,"The senior life-review interview listing states 300 long-form videos totalling about 1,000 hours, with metadata including sex, birth year and region.",300,interview videos,"listing spec, vendor-stated",dataset as listed 2026-10-01,A1 listing: 시니어 생애 회고 인터뷰 녹화 데이터셋,vendor_stated,2026-10-01,https://a1dm.crowdworks.ai/%ec%8b%9c%eb%8b%88%ec%96%b4-%ec%83%9d%ec%95%a0-%ed%9a%8c%ea%b3%a0-%ec%9d%b8%ed%84%b0%eb%b7%b0-%eb%85%b9%ed%99%94-%eb%8d%b0%ec%9d%b4%ed%84%b0%ec%85%8b-senior-life-retrospective-interview-video-dataset/,"롱폼 영상 300건 / 총 약 1,000시간",exact,vendor_only; quote_incomplete
crowdworks-a1-data-marketplace,crowdworks-a1-data-marketplace-c040,"The Vietnam Physical AI listing states a stock of about 100,000 hours and a monthly collection capacity of 9,000-10,000 hours.",100000,hours of egocentric/teleoperation video in stock,"listing spec, vendor-stated",as listed 2026-10-01,A1 listing: 베트남 Physical AI 데이터셋,vendor_stated,2026-10-01,https://a1dm.crowdworks.ai/%eb%b2%a0%ed%8a%b8%eb%82%a8-physical-ai-1%ec%9d%b8%ec%b9%ad-%ec%a1%b0%ec%9e%91%c2%b7%ec%9b%90%ea%b2%a9%ec%a1%b0%ec%9e%91%c2%b7%eb%aa%a8%ec%85%98%ec%ba%a1%ec%b2%98-%eb%8d%b0%ec%9d%b4%ed%84%b0/,"재고 약 100,000시간(자사 로봇 학습용) / 월 수집 능력 9,000~10,000시간",exact,vendor_only; scope_ok
crowdworks-a1-data-marketplace,crowdworks-a1-data-marketplace-c042,"The Korean traditional architecture listing states 39,967 JPEG images totalling 390 GB, photographed over about 30 years from 1988.",39967,JPEG images,"listing spec, vendor-stated",as listed 2026-10-01,A1 listing: 한국 고건축 이미지 데이터베이스,vendor_stated,2026-10-01,https://a1dm.crowdworks.ai/%ed%95%9c%ea%b5%ad-%ea%b3%a0%ea%b1%b4%ec%b6%95-%ec%9d%b4%eb%af%b8%ec%a7%80-%eb%8d%b0%ec%9d%b4%ed%84%b0%eb%b2%a0%ec%9d%b4%ec%8a%a4-korean-traditional-architecture-image-database/,"JPEG 이미지파일 : 39,967장 (390GB)",exact,vendor_only; quote_incomplete
datacluster-labs,datacluster-labs-c003,DataCluster Labs' own LinkedIn page gives its company size as 2-10 employees.,10,employees (upper bound of LinkedIn size band),vendor-selected LinkedIn size band 2-10,as of retrieval,,vendor_stated,2026-10-01,https://in.linkedin.com/company/datacluster-labs,2-10 employees,exact,vendor_only; scope_ok
datacluster-labs,datacluster-labs-c005,"DataCluster Labs says it crowdsources data from a network of 100,000+ contributors.",100000,contributors,vendor-stated lower bound of its contributor network,cumulative,,vendor_stated,2026-10-01,https://www.datacluster.ai/,"crowdsourcing and curating high-quality real-world data from a network of 100,000+ contributors",exact,unverifiable; scope_ok
datacluster-labs,datacluster-labs-c006,"DataCluster Labs says its flagship dataset holds 200,000+ images across 250+ classes.",200000,images,"vendor-stated lower bound, flagship human-captured image dataset",cumulative,,vendor_stated,2026-10-01,https://www.datacluster.ai/brochure.html,"200,000+ images, 250+ classes",exact,unverifiable; quote_incomplete
datacluster-labs,datacluster-labs-c007,"DataCluster Labs says it has 65+ ready-to-use datasets published on Kaggle, Hugging Face and Roboflow.",65,datasets,vendor-stated count of sample datasets on third-party hubs,cumulative,,vendor_stated,2026-10-01,https://www.datacluster.ai/,"65+ ready-to-use, real-world datasets on Kaggle, Hugging Face and Roboflow",exact,confirmed_independent; scope_ok
datacluster-labs,datacluster-labs-c008,"DataCluster Labs' brochure says its Kaggle sample datasets have 400,000+ views and 89,000+ downloads.",89000,Kaggle downloads,"vendor-stated lower bound, free sample datasets, all time",cumulative,,vendor_stated,2026-10-01,https://www.datacluster.ai/brochure.html,"with 400,000+ views and 89,000+ downloads",exact,confirmed_independent; scope_ok
datacluster-labs,datacluster-labs-c009,"DataCluster Labs' undated one-page PDF gives its Kaggle sample datasets 400,000 views and 40,000 downloads.",40000,Kaggle downloads,"vendor-stated, free sample datasets, all time, undated document",cumulative,,vendor_stated,2026-10-01,https://www.datacluster.ai/assets/DataCluster-Labs-one-pager.pdf,"with over 400,000 views and 40,000 downloads",exact,corrected; scope_ok
datacluster-labs,datacluster-labs-c015,"DataCluster Labs says its Indian Number Plates dataset was crowdsourced from 4,000+ contributors using mobile phones.",4000,contributors,"vendor-stated lower bound, contributors to one dataset",2020-2022 capture,"Indian Number Plates Dataset, India",vendor_stated,2026-10-01,https://huggingface.co/datasets/Dataclusterlabspvtltd/indian-number-plates-dataset,"Real-world mobile phone captures, crowdsourced from 4,000+ contributors",exact,unverifiable; scope_ok
datacluster-labs,datacluster-labs-c026,"The Indian Number Plates sample on Hugging Face is a free evaluation subset of about 200 images, against 15,000+ in the full dataset.",15000,images in full dataset,vendor-stated lower bound; free sample is about 200 images,one-off,"Indian Number Plates Dataset, India",vendor_stated,2026-10-01,https://huggingface.co/datasets/Dataclusterlabspvtltd/indian-number-plates-dataset,"The full dataset (15,000+ annotated images, multiple formats) is available for commercial licensing.",exact,corrected; scope_wrong
datarade,datarade-c027,Datarade tells providers that listing reaches 120k monthly visitors (vendor-stated).,120000,visitors,vendor-stated monthly visitors to the marketplace,per month,,vendor_stated,2026-10-01,https://datarade.ai/,List your data on our global B2B platform to reach 120k monthly visitors,exact,
datarade,datarade-c029,Datarade's Commission-only provider plan carries a 30% commission with a $0 annual fee.,30,percent,commission paid by the provider; what it is levied on is not stated on the page,per deal,"Provider Studio, Commission-only",vendor_stated,2026-10-01,https://providers.datarade.ai/apply,30% commission,exact,unverifiable
datarade,datarade-c030,"Datarade's Bronze provider plan costs $6,000 per year.",6000,USD,membership fee paid by the provider,per year,"Provider Studio, Bronze",vendor_stated,2026-10-01,https://providers.datarade.ai/apply,"$6,000 / year",exact,unverifiable
datarade,datarade-c031,Datarade's Bronze provider plan carries a 20% commission on top of its annual fee.,20,percent,commission paid by the provider; base not stated,per deal,"Provider Studio, Bronze",vendor_stated,2026-10-01,https://providers.datarade.ai/apply,20% commission,exact,unverifiable
datarade,datarade-c032,"Datarade's Silver provider plan costs $12,000 per year.",12000,USD,membership fee paid by the provider,per year,"Provider Studio, Silver",vendor_stated,2026-10-01,https://providers.datarade.ai/apply,"$12,000 / year",exact,
datarade,datarade-c033,Datarade's Silver provider plan carries a 15% commission on top of its annual fee.,15,percent,commission paid by the provider; base not stated,per deal,"Provider Studio, Silver",vendor_stated,2026-10-01,https://providers.datarade.ai/apply,15% commission,exact,unverifiable
datarade,datarade-c038,Datarade's search for 'image datasets' returned 137 product results on 2026-10-01.,137,product listings,search result count for the query 'image datasets'; includes non-image products,snapshot,,vendor_stated,2026-10-01,https://datarade.ai/search/products/image-datasets,137 product results,exact,
datarade,datarade-c040,"Nexdata's Face Anti-spoofing listing on Datarade shows a provider-set price starting at $10,000 per purchase.",10000,USD per purchase,"provider-listed starting price paid by the buyer to the provider, one-off purchase",one-off,"Nexdata Face Anti-spoofing Data, One-off purchase",vendor_stated,2026-10-01,https://datarade.ai/data-products/nexdata-face-anti-spoofing-data-200-000-id-image-video-nexdata,"Starts at $10,000 / purchase",exact,confirmed_relayed
datarade,datarade-c049,Datarade says it passed $1M+ ARR and its Data Commerce Cloud's 500th customer in 2023 (vendor-stated).,1000000,USD annual recurring revenue (at least),"vendor-stated company ARR, all products; not independently verified",per year,,vendor_stated,2023,https://datarade.ai/company,Celebrating $1M+ ARR and DCC's 500th customer,exact,
datarade,datarade-c052,"Nexdata's Multimodal Video Data (500,000 person) listing on Datarade shows a provider-set price starting at $20,000 per purchase.",20000,USD per purchase,provider-listed starting price paid by the buyer to the provider,one-off,"Nexdata Multimodal Video Data | 500,000 Person",vendor_stated,2026-10-01,https://datarade.ai/data-categories/video-data,"Starts at $20,000 / purchase",exact,confirmed_relayed
datarade,datarade-c055,Datarade's AI training data category listed 718 datasets on 2026-10-01.,718,dataset listings,"category count shown on the AI training data category page, all modalities",snapshot,,vendor_stated,2026-10-01,https://datarade.ai/data-categories/ai-ml-training-data,718 AI Training Data Datasets,exact,
dataseeds-ai,dataseeds-ai-c008,Zedge's fiscal 2025 10-K describes DataSeeds.AI as a business-to-business marketplace with a catalogue of over 30 million fully rights-cleared images.,30000000,images,rights-cleared images in the DataSeeds catalogue per the FY2025 10-K,point in time,,filing,2025-10-28,https://www.sec.gov/Archives/edgar/data/1667313/000121390025103098/ea0262035-10k_zedge.htm,"catalog of over 30 million high-quality, fully rights-cleared images",fetch_failed,vendor_only; quote_incomplete
dataseeds-ai,dataseeds-ai-c009,"DataSeeds.AI's website says its catalogue holds 150M+ photographs, human-ranked via a proprietary voting system.",150000000,photographs,catalogue size as stated on the vendor homepage; rights status not stated,point in time,,vendor_stated,2026-10-01,https://www.dataseeds.ai/,"A catalog of 150M+ high-quality photographs, human-ranked via a proprietary voting system",exact,vendor_only; scope_ok
dataseeds-ai,dataseeds-ai-c010,At launch in June 2025 Zedge said the GuruShots catalogue behind DataSeeds.AI held over 100 million images.,100000000,images,GuruShots historical catalogue size stated by Zedge at launch,point in time,,vendor_stated,2025-06-11,https://blog.zedge.net/zedge-announces-dataseeds-ai/,over 100 million images,exact,
dataseeds-ai,dataseeds-ai-c017,DataSeeds.AI says it draws on Zedge's community of 25 million monthly users and a network of vetted specialists.,25000000,monthly users,Zedge app community size as stated by DataSeeds; not a count of data contributors,per month,,vendor_stated,2026-10-01,https://www.dataseeds.ai/,We leverage Zedge's community of 25 million monthly users and a worldwide network of vetted specialists,exact,
dataseeds-ai,dataseeds-ai-c038,"The DataSeeds sample dataset on Hugging Face contains 7,772 peer-ranked, fully annotated photographic images.",7772,images,free public sample dataset size on Hugging Face,point in time,,vendor_stated,2026-10-01,https://huggingface.co/datasets/Dataseeds/DataSeeds.AI-Sample-Dataset-DSD/raw/main/README.md,"7,772 peer-ranked, fully annotated photographic images",exact,confirmed_independent; scope_ok
dataseeds-ai,dataseeds-ai-c044,In June 2025 DataSeeds described GuruShots' catalogue as 30M+ rights-cleared images.,30000000,images,"rights-cleared GuruShots images as stated by DataSeeds, June 2025",point in time,,vendor_stated,2025-06-11,https://www.dataseeds.ai/post/zedge-s-dataseeds-ai-releases-foundational-dataset-for-computer-vision-and-generative-ai-in-collabor,"30M+ and growing, rights-cleared images enriched with EXIF metadata, tags and geolocation diversity",exact,
dataseeds-ai,dataseeds-ai-c046,"DataSeeds' contact form asks prospective buyers whether their budget is over USD 5,000.",5000,USD,buyer budget threshold asked in the contact form; not a price,per project,,vendor_stated,2026-10-01,https://www.dataseeds.ai/contact,Is your budget over $5k?,exact,
dataseeds-ai,dataseeds-ai-c049,Zedge said DataSeeds' second order from an existing AI customer in Q1 fiscal 2026 was roughly 25 times the dollar size of the first.,25,multiple of first order value,"second order vs first order from the same customer, company-reported; absolute value not stated",one-off,,filing,2025-12-12,https://www.sec.gov/Archives/edgar/data/1667313/000121390025120916/ea026930001ex99-1_zedge.htm,an increased dollar size of roughly 25X from the customer's first order,fetch_failed,unverifiable; quote_incomplete
dataseeds-ai,dataseeds-ai-c061,"GuruShots rewards every non-Flash challenge entry with 10 in-game Coins, a game prize rather than a data-licensing payment.",10,GuruShots Coins (virtual currency),paid by GuruShots to the photographer per challenge entry; not tied to dataset sales,per challenge entry,,vendor_stated,2024-10-14,https://support.gurushots.com/support/solutions/articles/13000106424-what-types-of-prizes-are-there-,Every participation in a challenge (except Flash) rewards 10 Coins.,exact,
defined-ai,defined-ai-c005,Defined.ai's public dataset catalogue page listed 819 datasets when retrieved.,819,datasets listed,"count shown on the public catalogue page, all modalities",point in time,,vendor_stated,2026-09-30,https://defined.ai/datasets,Showing 10 of 819 datasets,exact,unverifiable; scope_ok
defined-ai,defined-ai-c006,Defined.ai says it has a crowd of more than 1.6 million contributors in over 150 countries.,1600000,crowd contributors,"vendor-stated lower bound of crowd size, not verified",point in time,,vendor_stated,2026-09-30,https://defined.ai/,Tap into a crowd of 1.6M+ global experts spanning 150+ countries,exact,unverifiable; scope_ok
defined-ai,defined-ai-c028,Defined.ai's partner page claims 319% year-on-year growth in dataset sales.,319,percent YoY growth,"vendor-stated growth in dataset sales, period not stated",per year,,vendor_stated,2026-09-30,https://defined.ai/partnership-programs,YoY growth in dataset sales,exact,unverifiable; scope_ok
defined-ai,defined-ai-c029,"Defined.ai's partner page claims average partner revenue of more than USD 600,000.",600000,USD per partner,"vendor-stated average revenue earned by data partners, period and gross/net not stated",not stated,,vendor_stated,2026-09-30,https://defined.ai/partnership-programs,Average partner revenue,exact,unverifiable; scope_ok
defined-ai,defined-ai-c030,Defined.ai says several partners generate more than USD 1 million a year licensing datasets through its marketplace.,1000000,USD per partner per year,"vendor-stated lower bound for 'several' partners' annual licensing revenue, gross/net not stated",per year,,vendor_stated,2026-01-27,https://defined.ai/press-room/defined-ai-reports-sixty-five-percent-revenue-growth,Several partners now generate more than $1 million annually by licensing proprietary datasets through the marketplace.,exact,unverifiable; scope_ok
defined-ai,defined-ai-c031,"Defined.ai says third-party partner datasets on its marketplace grew 1,200% in 2025.",1200,percent increase in third-party partner datasets,"vendor-stated, calendar 2025",per year,,vendor_stated,2026-01-27,https://defined.ai/press-room/defined-ai-reports-sixty-five-percent-revenue-growth,"In 2025, the Defined.ai Data Marketplace saw a 1,200% increase in third-party partner datasets",exact,unverifiable; scope_ok
defined-ai,defined-ai-c032,Defined.ai reported 65% year-on-year revenue growth in its January 2026 announcement.,65,percent YoY revenue growth,"vendor-stated company-wide revenue, unaudited",per year,,vendor_stated,2026-01-27,https://defined.ai/press-room/defined-ai-reports-sixty-five-percent-revenue-growth,The company reported 65% Year-over-Year revenue growth,exact,confirmed_independent; scope_ok
defined-ai,defined-ai-c040,"Defined.ai's FAQ says ACH-paid orders are delivered once funds clear, generally in 2-3 business days.",3,business days (upper bound),time for ACH funds to clear before delivery of a standard purchase; range 2-3,per order,,vendor_stated,2026-09-30,https://defined.ai/faq,This generally takes 2-3 business days.,exact,unverifiable; scope_ok
defined-ai,defined-ai-c066,"Defined.ai's Data Access Plan Standard tier offered 315 hours of off-the-shelf speech data for EUR 50,000.",50000,EUR per plan (315 hours of speech),price paid by buyer for Standard Data Access Plan; stated as 30% discount on list; implies ~EUR 159 per hour,not stated,,vendor_stated,2024-09-26,https://defined.ai/press-room/defined-ai-launches-data-access-plan-dap-allowing-access-to-speech-datasets-at-affordable-prices,"315 hours of speech data for €50,000 (30% discount)",exact,unverifiable; scope_ok
defined-ai,defined-ai-c067,"Defined.ai's Data Access Plan Premium tier offered 625 hours of speech data for EUR 100,000.",100000,EUR per plan (625 hours of speech),price paid by buyer for Premium Data Access Plan; stated as 40% discount,not stated,,vendor_stated,2024-09-26,https://defined.ai/press-room/defined-ai-launches-data-access-plan-dap-allowing-access-to-speech-datasets-at-affordable-prices,"625 hours of speech data for €100,000 (40% discount)",exact,
defined-ai,defined-ai-c068,"Defined.ai's Data Access Plan Ultimate tier offered 1,565 hours of speech data for EUR 250,000.",250000,"EUR per plan (1,565 hours of speech)",price paid by buyer for Ultimate Data Access Plan; stated as 50% discount,not stated,,vendor_stated,2024-09-26,https://defined.ai/press-room/defined-ai-launches-data-access-plan-dap-allowing-access-to-speech-datasets-at-affordable-prices,"1,565 hours for €250,000 (50% discount)",exact,
defined-ai,defined-ai-c069,"Defined.ai's Data Access Plan Elite tier offered 3,125 hours of speech data for EUR 500,000.",500000,"EUR per plan (3,125 hours of speech)",price paid by buyer for Elite Data Access Plan; stated as 55% discount; implies EUR 160 per hour,not stated,,vendor_stated,2024-09-26,https://defined.ai/press-room/defined-ai-launches-data-access-plan-dap-allowing-access-to-speech-datasets-at-affordable-prices,"3,125 hours for €500,000 (55% discount)",exact,unverifiable; scope_ok
defined-ai,defined-ai-c091,Defined.ai reported a net revenue retention of 143% in its January 2026 announcement.,143,percent net revenue retention,"vendor-stated, company-wide, unaudited",per year,,vendor_stated,2026-01-27,https://defined.ai/press-room/defined-ai-reports-sixty-five-percent-revenue-growth,achieved a Net Revenue Retention (NRR) of 143%,exact,unverifiable; scope_ok
elra-elda-catalogue,elra-elda-catalogue-c006,"ELRA says its catalogue offers 1,598 language resources.",1598,language resources,catalogue size stated on catalogue home page,point in time,ELRA Catalogue,vendor_stated,2026-10-01,https://catalogue.elra.info/en-us/,"1,598 language resources at your disposal",exact,vendor_only; scope_ok
elra-elda-catalogue,elra-elda-catalogue-c007,ELRA's 2022 annual report says 1597 language resources were available in the ELRA catalogue at the end of 2022.,1597,language resources,"catalogue size at end of 2022, per ELRA annual report",point in time,ELRA Catalogue,vendor_stated,2022-12,http://www.elra.info/media/filer_public/2023/05/17/annual_report2022.pdf,"As of end 2022, 1597 Language Resources are available in the ELRA catalogue",exact,
elra-elda-catalogue,elra-elda-catalogue-c016,ELRA's 2022 annual report says 67 Datatang speech resources were added to the catalogue for distribution by ELRA.,67,speech resources,"third-party (Datatang) resources added in 2022, per ELRA annual report",one-off,ELRA Catalogue,vendor_stated,2022,http://www.elra.info/media/filer_public/2023/05/17/annual_report2022.pdf,the 67 Speech Datatang resources distributed by ELRA,exact,unverifiable; quote_incomplete
elra-elda-catalogue,elra-elda-catalogue-c048,ELRA lists AUDIO Human Voice Pronunciations - Arabic (ELRA-S0490-01) at 811.90 euro for members under the ELRA VAR commercial licence.,811.9,EUR per resource licence,"buyer pays; ELRA member price, ELRA VAR commercial-use licence; VAT and shipment excluded",one-off,"ELRA-S0490-01, VAR, member",vendor_stated,2026-10-01,https://catalogue.elra.info/en-us/repository/browse/ELRA-S0490_01/,811.90 €,exact,vendor_only; quote_incomplete
elra-elda-catalogue,elra-elda-catalogue-c049,ELRA lists AUDIO Human Voice Pronunciations - Arabic (ELRA-S0490-01) at 852.50 euro for non-members under the ELRA VAR commercial licence.,852.5,EUR per resource licence,"buyer pays; non-member price, ELRA VAR commercial-use licence; VAT and shipment excluded",one-off,"ELRA-S0490-01, VAR, non-member",vendor_stated,2026-10-01,https://catalogue.elra.info/en-us/repository/browse/ELRA-S0490_01/,852.50 €,exact,
elra-elda-catalogue,elra-elda-catalogue-c050,ELRA lists the THERADIA WoZ Corpus (ELRA-S0499) at 0.00 euro for academic users under the ELRA END USER non-commercial licence.,0.0,EUR per resource licence,"buyer pays; academic user, member and non-member, ELRA END USER non-commercial licence",one-off,"ELRA-S0499, END USER, academic",vendor_stated,2026-10-01,https://catalogue.elra.info/en-us/repository/browse/ELRA-S0499/,0.00 €,exact,vendor_only; quote_incomplete
elra-elda-catalogue,elra-elda-catalogue-c051,ELRA lists the THERADIA WoZ Corpus (ELRA-S0499) at 5000.00 euro for members under the ELRA VAR commercial licence.,5000.0,EUR per resource licence,"buyer pays; ELRA member price, ELRA VAR commercial licence, academic or commercial user",one-off,"ELRA-S0499, VAR, member",vendor_stated,2026-10-01,https://catalogue.elra.info/en-us/repository/browse/ELRA-S0499/,5000.00 €,exact,
elra-elda-catalogue,elra-elda-catalogue-c052,ELRA lists DiaLEX - Lebanese Arabic (ELRA-L0211) at 11700.00 euro for member academic users under the ELRA END USER licence.,11700.0,EUR per resource licence,"buyer pays; member, academic user, ELRA END USER non-commercial licence",one-off,"ELRA-L0211, END USER, member academic",vendor_stated,2026-10-01,https://catalogue.elra.info/en-us/repository/browse/ELRA-L0211/,11700.00 €,exact,
elra-elda-catalogue,elra-elda-catalogue-c053,ELRA lists DiaLEX - Lebanese Arabic (ELRA-L0211) at 48750.00 euro for non-member commercial users under the ELRA VAR licence.,48750.0,EUR per resource licence,"buyer pays; non-member, commercial user, ELRA VAR commercial licence",one-off,"ELRA-L0211, VAR, non-member commercial",vendor_stated,2026-10-01,https://catalogue.elra.info/en-us/repository/browse/ELRA-L0211/,48750.00 €,exact,vendor_only; quote_incomplete
elra-elda-catalogue,elra-elda-catalogue-c054,ELRA's FAQ says over 200 language resources are priced at 500 euro or below.,200,language resources (lower bound),count of resources priced at or below 500 EUR; licence tier not stated,point in time,ELRA Catalogue,vendor_stated,2026-10-01,https://www.elra.info/faq/,over 200 Language Resources are provided at 500 EURO and below,exact,vendor_only; scope_ok
elra-elda-catalogue,elra-elda-catalogue-c055,ELRA's 2022 annual report says members get price discounts on resources of up to 70% on some items.,70,percent (maximum),discount off public price for ELRA members on some resources,not stated,ELRA Catalogue,vendor_stated,2022,http://www.elra.info/media/filer_public/2023/05/17/annual_report2022.pdf,"Price discounts on the resources, up to 70%",exact,vendor_only; scope_ok
elra-elda-catalogue,elra-elda-catalogue-c056,ELRA's institutional membership fee for profit-making organisations with 50 or more employees is 1500 euro per year.,1500,EUR per institutional membership,member organisation pays; profit making organisations >= 50 employees,per year,"ELRA institutional membership, profit-making >= 50 employees",vendor_stated,2026-10-01,https://www.elra.info/join-elra/membership-fees/,1500 €,exact,vendor_only; quote_incomplete
elra-elda-catalogue,elra-elda-catalogue-c057,ELRA's institutional membership fee for non-profit organisations is 750 euro per year.,750,EUR per institutional membership,member organisation pays; non-profit making organisation,per year,"ELRA institutional membership, non-profit",vendor_stated,2026-10-01,https://www.elra.info/join-elra/membership-fees/,750 €,exact,
empiric-earth,empiric-earth-c004,Empiric Earth says its record covers more than 10 billion miles of observed driving and 60 million edge cases.,10000000000,miles of observed driving (cumulative),"vendor-stated total record size, combined Nexar and Nauto",cumulative,,vendor_stated,2026-09-15,https://empiricearth.com/press-releases/empiric-earth-launches,more than 10 billion miles of observed driving and 60 million edge cases across 98% of US roads,exact,confirmed_relayed; scope_ok
empiric-earth,empiric-earth-c005,"Empiric Earth says more than 350,000 connected sensors add over 300 million new miles every month.",300000000,miles of new driving captured,"vendor-stated, combined network of connected sensors",per month,,vendor_stated,2026-09-15,https://empiricearth.com/press-releases/empiric-earth-launches,"More than 350,000 connected sensors add over 300 million new miles every month",exact,confirmed_relayed; scope_ok
empiric-earth,empiric-earth-c006,Nexar said before the merger that it captured more than 100 million miles of driving every month across 94% of US roads.,100000000,miles of driving captured,"vendor-stated, Nexar network only, pre-merger",per month,,vendor_stated,2026-07-01,https://empiricearth.com/nexar-and-nauto-to-merge,capturing more than 100 million miles of real-world driving every month across 94% of US roads,exact,
empiric-earth,empiric-earth-c007,Nauto's business was described as built on more than six billion miles of commercial driving data.,6000000000,miles of commercial fleet driving data,"vendor-stated, Nauto fleet data, cumulative",cumulative,,vendor_stated,2026-07-01,https://empiricearth.com/nexar-and-nauto-to-merge,built on more than six billion miles of commercial driving data,exact,
empiric-earth,empiric-earth-c027,Empiric Earth says Atlas contains more than 6 million curated driving videos.,6000000,curated driving videos,vendor-stated Atlas corpus size,cumulative,Atlas,vendor_stated,2026-10-01,https://empiricearth.com/products/atlas,"6M+ curated driving videos, filtered to usable road footage",exact,unverifiable; scope_ok
empiric-earth,empiric-earth-c043,Nauto's solution privacy policy caps that anonymized or pseudonymized fraction at less than 1% of data collected from Nauto customers.,1,percent of fleet customer data collected (upper bound),"share of Nauto fleet customer data that may be anonymized or pseudonymized for Nauto's own use, when customer permits",not stated,Nauto fleet solution,legal_text,2026-07-14,https://empiricearth.com/legal/products-and-services,less than 1% of data collected and processed by the Services based on Nauto customer data,exact,vendor_only; scope_ok
empiric-earth,empiric-earth-c046,"Nauto VEDR, a fleet video event recorder product, is listed at $25 per unit per month (a device subscription, not a dataset price).",25,USD per vehicle unit,fleet customer pays; Nauto VEDR self-install plan subscription; not a data price,per month,"Nauto VEDR, self-install",vendor_stated,2026-10-01,https://empiricearth.com/products/vedr-pricing,$25 per unit per month,exact,
empiric-earth,empiric-earth-c047,Nauto VEDR carries a $375 one-time upfront fee per unit.,375,USD per vehicle unit,fleet customer pays; Nauto VEDR self-install plan; not a data price,one-off,"Nauto VEDR, self-install",vendor_stated,2026-10-01,https://empiricearth.com/products/vedr-pricing,"$375 upfront fee, one time per unit",exact,
empiric-earth,empiric-earth-c051,"Nexar's public collision prediction dataset on Hugging Face contains 1,500 videos.",1500,driving videos,free open dataset for a research challenge; no price,one-off,nexar_collision_prediction open dataset,vendor_stated,2025-03-24,https://empiricearth.com/insights/nexars-open-dataset-and-crash-prediction-challenge-pushing-the-boundaries-of-ai-driven-road-safety,"1,500 real-world driving videos, including actual collisions, near-collisions, and normal driving videos",exact,
empiric-earth,empiric-earth-c058,Nexar's legacy site says buyers can access over 1.2 billion visualized miles annually.,1200000000,visualized miles,vendor-stated annual volume accessible to data customers,per year,,vendor_stated,2026-10-01,https://www.nexar-ai.com/,Access over 1.2 billion visualized miles annually,exact,
empiric-earth,empiric-earth-c064,"Nexar sells the Nexar Beam GPS consumer dashcam at $129.95, so contributors pay for their capture device.",129.95,USD per dashcam,"consumer pays Nexar; hardware retail price, not a data price",one-off,"Nexar Beam GPS, US",vendor_stated,2026-10-01,https://www.getnexar.com/,$129.95,exact,
empiric-earth,empiric-earth-c065,Nexar's consumer LTE Protection Plan is priced at $9.99 per month.,9.99,USD per subscriber,"consumer pays Nexar; dashcam connectivity subscription, not a data price",per month,"Nexar LTE Protection Plan, US",vendor_stated,2026-10-01,https://www.getnexar.com/,$9.99,exact,
everalbum,everalbum-c033,"The FTC reported that about 25% of the roughly 300,000 Ever users who answered the face-recognition pop-up chose to turn it off.",25,percent of respondents,"share of the ~300,000 Ever users who made a selection on the opt-in pop-up and chose to turn face recognition off",since the pop-up was introduced (May 2018 / April 2019) to the complaint,,government,2021-05-06,https://www.ftc.gov/system/files/documents/cases/1923172_-_everalbum_complaint_final.pdf,"approximately 25% of the approximately 300,000 users who made a selection",exact,confirmed_independent; quote_incomplete
everalbum,everalbum-c034,The FTC reported that about 12 million consumers worldwide had installed the Ever app.,12000000,app installs,"consumers who installed Ever, worldwide, cumulative",cumulative since 2015,,government,2021-05-06,https://www.ftc.gov/system/files/documents/cases/1923172_-_everalbum_complaint_final.pdf,"Globally, approximately 12 million consumers have installed Ever.",exact,confirmed_independent; scope_ok
everalbum,everalbum-c035,"The FTC reported that about 36,000 Ever users had deactivated their accounts since January 2017.",36000,deactivated accounts,"Ever users who deactivated, cumulative",January 2017 to the complaint,,government,2021-05-06,https://www.ftc.gov/system/files/documents/cases/1923172_-_everalbum_complaint_final.pdf,"Since January 2017, approximately 36,000 Ever users have deactivated their accounts.",exact,confirmed_independent; scope_ok
everalbum,everalbum-c043,Ever AI said in 2019 that it had a private global dataset of 13 billion photos and videos from tens of millions of users in 95 countries.,13000000000,photos and videos,"company's own claim quoted by NBC News; not independently verified; size of the Ever user corpus, not a training set",as of May 2019,,vendor_stated,2019-05-09,https://www.nbcnews.com/tech/security/millions-people-uploaded-photos-ever-app-then-company-used-them-n1003371,ever-expanding private global dataset of 13 billion photos and videos,exact,unverifiable; quote_incomplete
futurebeeai,futurebeeai-c046,"FutureBeeAI says its catalogue holds 2,000+ ready-to-use datasets across audio, video, image and text.",2000,datasets (lower bound),vendor-stated catalogue size across all modalities,as of retrieval,,vendor_stated,2026-10-01,https://www.futurebeeai.com/dataset,"Unlock 2,000+ ready-to-use diverse datasets across mutiple modalities like audio, video, image, and text",exact,unverifiable; scope_ok
futurebeeai,futurebeeai-c047,"The catalogue index page showed a filter result count of 2,321 datasets when retrieved.",2321,datasets listed,"count shown beside the catalogue filter, all categories",as of retrieval,,vendor_stated,2026-10-01,https://www.futurebeeai.com/dataset,Filter ( 2321 ),exact,vendor_only; scope_ok
futurebeeai,futurebeeai-c088,FutureBeeAI says access to a purchased dataset generally takes 2-3 business days after payment.,3,business days from payment to dataset access (upper end of stated 2-3),vendor FAQ; off-the-shelf datasets in the already-available format,per order,,vendor_stated,2026-10-01,https://www.futurebeeai.com/faqs-and-guides,It generally takes 2-3 business days.,exact_in_data,vendor_only; quote_incomplete
futurebeeai,futurebeeai-c113,"FutureBeeAI says its crowd community has 20,000+ contributors in 50+ countries.",20000,crowd contributors (lower bound),vendor-stated community size on the join page,"cumulative, as of retrieval",,vendor_stated,2026-10-01,https://www.futurebeeai.com/join-ai-community,"20,000+ Contributors 50+ Countries",exact,unverifiable; scope_ok
futurebeeai,futurebeeai-c114,FutureBeeAI says its community has earned 70 million rupees in total.,70000000,INR paid to crowd contributors,"vendor-stated cumulative community earnings; gross, all task types",cumulative to retrieval,,vendor_stated,2026-10-01,https://www.futurebeeai.com/join-ai-community,₹70 Millions Earned by Our Community,exact,unverifiable; scope_ok
futurebeeai,futurebeeai-c117,The home page states a global crowd of 10k+.,10000,crowd members (lower bound),vendor-stated on home page,as of retrieval,,vendor_stated,2026-10-01,https://www.futurebeeai.com/,Global crowd of 10k+,exact,unverifiable; scope_ok
futurebeeai,futurebeeai-c118,The home page states 100+ designed and completed projects.,100,completed projects (lower bound),vendor-stated on home page,cumulative,,vendor_stated,2026-10-01,https://www.futurebeeai.com/,100+ Designed and completed projects,exact,unverifiable; scope_ok
futurebeeai,futurebeeai-c143,"After a contributor withdraws consent, FutureBeeAI says it deletes or anonymises the data within 7 to 15 working days.",15,working days (upper bound of stated 7-15) to delete or anonymise withdrawn contributor data,vendor-stated handling of a contributor's consent withdrawal; FutureBeeAI-held copies only,per request,,vendor_stated,2025-12-09,https://www.futurebeeai.com/knowledge-hub/withdraw-consent-data-collection,FutureBeeAI deletes or anonymizes the data within 7 to 15 working days,exact,vendor_only; scope_ok
getty-images,getty-images-c005,"Getty Images says its Q2 2026 revenue was USD 229.1 million, down 2.5% year over year.",229.1,USD million,"total company revenue as reported by Getty, all products",per quarter (Q2 2026),,vendor_stated,2026-08-10,https://newsroom.gettyimages.com/en/getty-images/getty-images-reports-second-quarter-2026-results,"Revenue of $229.1 million in Q2'26, a decrease of 2.5% year over year",exact,confirmed_independent; scope_ok
getty-images,getty-images-c006,"Getty Images says annual subscription revenue was 58.8% of total revenue in Q2 2026, up from 53.5% in Q2 2025.",58.8,percent of total revenue,"share of Getty's total revenue from annual subscriptions, as reported by Getty",per quarter (Q2 2026),,vendor_stated,2026-08-10,https://newsroom.gettyimages.com/en/getty-images/getty-images-reports-second-quarter-2026-results,"Annual Subscription Revenue grew to 58.8% of total revenue, up from 53.5% in Q2'25",exact,confirmed_independent; scope_ok
getty-images,getty-images-c009,Getty's 10-Q says over 662 million visual assets are available through its sites.,662000000,visual assets,"company-reported count of assets available through Getty's sites (lower bound, 'over')",as at Q2 2026 filing,,filing,2026-08,https://www.sec.gov/Archives/edgar/data/0001898496/000162828026055246/gety-20260630.htm,over 662 million visual assets available through its industry-leading sites,fetch_failed,
getty-images,getty-images-c010,"Getty's 10-Q says it works with over 600,000 contributors and more than 360 premium content partners.",600000,contributors,company-reported lower bound ('over'); separately more than 360 premium content partners,as at Q2 2026 filing,,filing,2026-08,https://www.sec.gov/Archives/edgar/data/0001898496/000162828026055246/gety-20260630.htm,"over 600,000 contributors and more than 360 premium content partners",fetch_failed,unverifiable; scope_ok
getty-images,getty-images-c011,Getty's 10-Q says suppliers who work with it under contract typically receive royalties of 20% to 50% of the licence fee charged to customers.,20,percent of licence fee (low end of 20-50% range),royalty paid by Getty to contracted suppliers out of the total licence fee charged to the customer; range 20% to 50%,per licence,,filing,2026-08,https://www.sec.gov/Archives/edgar/data/0001898496/000162828026055246/gety-20260630.htm,Suppliers who choose to work with us under contract typically receive royalties of 20% to 50% of,fetch_failed,unverifiable; quote_incomplete
getty-images,getty-images-c036,"Getty's sample dataset on Hugging Face contains 3,750 images from 15 categories.",3750,images,size of the free gated sample dataset published by Getty on Hugging Face,one-off,Getty Images Sample Dataset (Hugging Face),vendor_stated,2026-10-01,https://huggingface.co/datasets/GettyImages/Getty-Images-Sample-Dataset,"This sample Dataset includes 3,750 images from 15 categories",exact,
getty-images,getty-images-c042,"Getty Custom Content (commissioned shoots) lists a price of USD 8,300 per brief on the 3-brief plan.",8300,USD per brief,list price paid by the client per creative brief on the 3-brief tier; tier includes 75 image/video selects in total,one-off,"Custom Content, 3 briefs",vendor_stated,2026-10-01,https://www.gettyimages.in/enterprise/custom-content,"$8,300 per brief",fetch_failed,
getty-images,getty-images-c043,"Getty Custom Content lists a price of USD 5,000 per brief on the 20-brief plan.",5000,USD per brief,list price paid by the client per creative brief on the 20-brief tier; tier includes 500 image/video selects in total,one-off,"Custom Content, 20 briefs",vendor_stated,2026-10-01,https://www.gettyimages.in/enterprise/custom-content,"$5,000 per brief",fetch_failed,
getty-images,getty-images-c045,"Getty's Indian pricing page lists a creative subscription at INR 21,000 per month.",21000,INR per month,list price paid by buyer for the creative subscription with 10 monthly downloads,per month,"Creative subscription, 10 downloads per month, India (gettyimages.in)",vendor_stated,2026-10-01,https://www.gettyimages.in/plans-and-pricing,"₹21,000 /mo",fetch_failed,
getty-images,getty-images-c046,"Getty's Indian pricing page lists an editorial subscription at INR 15,550 per month.",15550,INR per month,list price paid by buyer for the editorial subscription,per month,"Editorial subscription, India (gettyimages.in)",vendor_stated,2026-10-01,https://www.gettyimages.in/plans-and-pricing,"₹15,550 /mo",fetch_failed,
getty-images,getty-images-c047,"Getty's Indian pricing page lists the 5-download UltraPack at INR 12,800 per download (INR 64,000 per pack).",12800,INR per download,"list price paid by buyer for an UltraPack download; 5-pack total INR 64,000",one-off,"UltraPack, 5 pack, India (gettyimages.in)",vendor_stated,2026-10-01,https://www.gettyimages.in/plans-and-pricing,"₹12,800.00 per download",fetch_failed,
getty-images,getty-images-c049,"Getty's contributor page says individual contributors earn a royalty of 15% to 45% on each file licence, depending on their Contributor Agreement.",15,percent of licence (low end of 15-45% range),royalty paid by Getty to the contributor on each file licence; range 15% to 45% depending on Contributor Agreement,per licence,Getty Images / iStock contributor programme,vendor_stated,2026-10-01,https://www.gettyimages.co.uk/workwithus,you will earn a royalty between 15% and 45% on each file license,fetch_failed,vendor_only; scope_ok
getty-images,getty-images-c057,Getty's summary of training content says its generator was trained on 479 million fully licensed images from Getty Images and Bria data partners.,479000000,images,"size of the image training set for Getty's generator (Bria), as stated by Getty",training data collected up to mid-2025,Generative AI by Getty Images,vendor_stated,2026-07,https://developer.gettyimages.com/ai-generation/summary-of-training-content/,"479 million images, fully licensed images provided by Getty Images and Bria data partners",exact,unverifiable; scope_ok
hugging-face-hub,hugging-face-hub-c032,For non-Parquet datasets over 5GB the Hugging Face viewer shows only the first 5GB.,5,GB previewed,viewer limit for datasets over 5GB not in Parquet,per dataset,Hugging Face Hub datasets,vendor_stated,2026-10-01,https://huggingface.co/docs/hub/datasets-viewer,the Dataset Viewer only shows the first 5GB,exact,
hugging-face-hub,hugging-face-hub-c037,Hugging Face charges pay-as-you-go private storage above the included allowance at a base price of $18 per TB per month.,18,USD per TB,"paid by the account owner for private storage above the included allowance; base tier, discounts from 50TB",per month,Hugging Face Hub datasets,vendor_stated,2026-10-01,https://huggingface.co/docs/hub/storage-limits,at a base price of $18/TB/mo,exact,vendor_only; scope_ok
hugging-face-hub,hugging-face-hub-c038,Hugging Face sells a public storage add-on for paid plans at $12 per TB per month (1-20 TB tiers).,12,USD per TB,paid by the uploading account on PRO/Team/Enterprise for public storage above plan base; $10/TB at 50TB,per month,Hugging Face Hub datasets,vendor_stated,2026-10-01,https://huggingface.co/docs/hub/storage-limits,$12/TB/month,exact,
hugging-face-hub,hugging-face-hub-c042,Hugging Face's PRO personal account is priced at $9 per month.,9,USD per user,"paid by the individual account holder; plan price, not a dataset price",per month,Hugging Face Hub datasets,vendor_stated,2026-10-01,https://huggingface.co/pricing,$9 /month,exact,
hugging-face-hub,hugging-face-hub-c043,Hugging Face's Team plan is priced at $20 per user per month.,20,USD per user,"paid by the organisation per seat; plan price, not a dataset price",per month,Hugging Face Hub datasets,vendor_stated,2026-10-01,https://huggingface.co/pricing,$20 /month per user,exact,vendor_only; quote_incomplete
hugging-face-hub,hugging-face-hub-c044,Hugging Face's Enterprise plan is listed from $50 per user per month.,50,USD per user,"paid by the organisation per seat; plan price, not a dataset price",per month,Hugging Face Hub datasets,vendor_stated,2026-10-01,https://huggingface.co/pricing,$50 /month per user,exact,
hugging-face-hub,hugging-face-hub-c045,Hugging Face's pricing page lists Hub storage for public repositories at a base $12 per TB per month.,12,USD per TB,"paid by the uploading account for public repo storage; base tier, falling to $8/TB at 500TB+",per month,Hugging Face Hub datasets,vendor_stated,2026-10-01,https://huggingface.co/pricing,$12 /TB/mo,exact,
hugging-face-hub,hugging-face-hub-c049,NVIDIA's 8-K states an approximately $11.9 billion cash purchase price payable to Hugging Face stockholders.,11.9,USD billion,"purchase price payable by NVIDIA to Hugging Face stockholders, excluding up to ~$1.0bn employee retention awards",one-off,"Hugging Face, Inc. (company)",filing,2026-09-03,https://www.sec.gov/Archives/edgar/data/1045810/000104581026000078/nvda-20260902.htm,approximately $11.9 billion purchase price payable to Hugging Face stockholders,fetch_failed,corrected; scope_wrong
hugging-face-hub,hugging-face-hub-c053,"TechCrunch, relaying the deal announcement, said Hugging Face's platform hosts half a million datasets and has over 18 million developers.",500000,datasets hosted,as relayed by TechCrunch; public/private scope not stated,point in time,Hugging Face Hub datasets,press_relayed,2026-09-03,https://techcrunch.com/2026/09/03/nvidia-confirms-it-will-buy-hugging-face-for-12-9-billion/,"one million applications used by over 18 million developers, and half a million datasets",exact,confirmed_relayed; scope_ok
hugging-face-hub,hugging-face-hub-c054,"Nvidia's CEO said, as reported by TechCrunch, that Nvidia has released more than 250 open datasets on Hugging Face.",250,open datasets,"released by NVIDIA on Hugging Face, per its CEO as relayed by TechCrunch",cumulative,Hugging Face Hub datasets,press_relayed,2026-09-03,https://techcrunch.com/2026/09/03/nvidia-confirms-it-will-buy-hugging-face-for-12-9-billion/,the chip company has released more than 500 models and 250 open datasets on Hugging Face,exact,confirmed_relayed; scope_ok
hugging-face-hub,hugging-face-hub-c055,Hugging Face's Hub documentation says the Hub hosts over 500k public datasets in more than 8k languages.,500000,public datasets,vendor-stated count of public datasets,point in time,Hugging Face Hub datasets,vendor_stated,2026-10-01,https://huggingface.co/docs/hub/index,The Hub is home to over 500k public datasets in more than 8k languages,exact,vendor_only; scope_ok
hugging-face-hub,hugging-face-hub-c056,"The same Hugging Face documentation page elsewhere says the Hub hosts 1.5M datasets, all open and publicly available.",1500000,datasets,vendor-stated; conflicts with the 500k public figure on the same page,point in time,Hugging Face Hub datasets,vendor_stated,2026-10-01,https://huggingface.co/docs/hub/index,"It hosts over 2M models, 1.5M datasets, and 1.5M AI apps (Spaces), all open and publicly available.",exact,
human-native,human-native-c015,TechCrunch reported in June 2024 that Human Native announced a GBP 2.8 million seed round led by LocalGlobe and Mercuri.,2.8,GBP million,"seed equity round raised by Human Native, as announced by the company",one-off,,press_relayed,2024-06-08,https://techcrunch.com/2024/06/08/deal-dive-human-native-ai-is-building-the-marketplace-for-ai-training-licensing-deals/,"Human Native AI announced a £2.8 million seed round led by LocalGlobe and Mercuri, two British micro VCs, this week.",exact,confirmed_relayed; scope_ok
ibm-diversity-in-faces,ibm-diversity-in-faces-c013,"Exposing.ai counts 1,070,000 images from 98,153 Flickr users in DiF.",98153,Flickr users whose photos are in DiF,"Exposing.ai's count; total images stated as 1,070,000",as published,IBM Diversity in Faces (DiF),independent,2026-10-01,https://exposing.ai/ibm_dif/,"98,153",exact,
ibm-diversity-in-faces,ibm-diversity-in-faces-c020,IBM told NBC News that about 250 organisations had requested access to DiF by March 2019.,250,organisations that requested access,"IBM's figure relayed by NBC News; requests, not approvals",cumulative to March 2019,IBM Diversity in Faces (DiF),press_relayed,2019-03-12,https://www.nbcnews.com/tech/internet/facial-recognition-s-dirty-little-secret-millions-online-photos-scraped-n981921,about 250 organizations have requested access so far,exact,confirmed_relayed; quote_incomplete
ibm-diversity-in-faces,ibm-diversity-in-faces-c036,"The DiF plaintiffs sought statutory damages of USD 5,000 per wilful or reckless BIPA violation.",5000,USD per violation,"BIPA liquidated damages claimed by plaintiffs against the dataset maker, per wilful or reckless violation",per violation,Vance v. IBM,court,2020-09-15,https://storage.courtlistener.com/recap/gov.uscourts.ilnd.372910/gov.uscourts.ilnd.372910.48.0_1.pdf,"Plaintiffs seek statutory damages of $5,000 for each willful and reckless violation",exact,confirmed_independent; scope_ok
ibm-diversity-in-faces,ibm-diversity-in-faces-c037,"The DiF plaintiffs sought statutory damages of USD 1,000 per negligent BIPA violation.",1000,USD per violation,"BIPA liquidated damages claimed by plaintiffs, per negligent violation",per violation,Vance v. IBM,court,2020-09-15,https://storage.courtlistener.com/recap/gov.uscourts.ilnd.372910/gov.uscourts.ilnd.372910.48.0_1.pdf,"and $1,000 for each negligent violation of BIPA",exact,
karya,karya-c002,"Karya says it has distributed USD 4.42M in wages directly to its workers, cumulatively, as of July 2026.",4420000,USD,"cumulative wages paid by Karya directly to workers; vendor-stated, internal platform data",cumulative to July 2026,,vendor_stated,2026-07,https://www.karya.in/impact,$4.42M wages directly distributed to Karya workers,exact,unverifiable; scope_ok
karya,karya-c003,"Karya says it has onboarded more than 200,000 workers on the Karya Platform, as of July 2026.",200000,workers onboarded (lower bound),vendor-stated cumulative onboarding count,cumulative to July 2026,,vendor_stated,2026-07,https://www.karya.in/impact,200k+ workers onboarded on the Karya Platform,exact,unverifiable; scope_ok
karya,karya-c005,Karya says wages it distributed to workers grew 6.8 times year on year from 2024 to 2025.,6.8,multiple of prior-year wages distributed,"vendor-stated, total worker wages 2025 vs 2024",per year,,vendor_stated,2026-07,https://www.karya.in/impact,"6.8x YoY increase in wages distributed to workers, 2024 to 2025",exact,
karya,karya-c008,"Karya says Project Apollo created 100,000 hours of transcribed conversational speech across India's 22 Scheduled Languages.",100000,hours of transcribed conversational speech,"corpus size stated by the vendor; the same page says 15 languages are already in production, so the total may be a target",project total,,vendor_stated,2026-10-01,https://karya.in/case-studies/project-apollo/,"100,000 hours of transcribed conversational speech across India's 22 Scheduled Languages",exact,
karya,karya-c009,"Karya says Project Apollo engages 60,000 workers with a target of USD 2.5 million in direct worker wages.",2500000,USD,"target direct wages to workers for the whole project, paid by Karya; vendor-stated",project total,,vendor_stated,2026-10-01,https://karya.in/case-studies/project-apollo/,"Project Apollo engages with 60,000 workers across India, with a target of USD 2.5 million in direct worker wages.",exact,unverifiable; scope_ok
karya,karya-c010,Karya says USD 2M has been disbursed to date through Project Apollo.,2000000,USD,disbursed to date through the project (recipients not stated on the page); vendor-stated,cumulative to retrieval,,vendor_stated,2026-10-01,https://karya.in/case-studies/project-apollo/,$2M disbursed to date through Project Apollo,exact,
karya,karya-c019,"The catalogue lists a Hindi general dual-channel conversational dataset of 2,000 hours from 1,900+ speakers.",2000,hours of conversational speech,size of one catalogue dataset; no price given,one-off,,vendor_stated,2026-10-01,https://karya.in/_next/static/chunks/4648-1bbb200c1c8ebd90.js,"language:""Hindi"",type:""Conversational"",hours:""2000"",speakerCount:""1900+"",domain:""General Dual Channel Conversations""",exact,
karya,karya-c033,"For the KHPT project Karya planned to employ 100 people (50 men, 50 women) in each of 10 Karnataka districts to record speech with the Karya app.",100,"workers per district, in 10 districts",planned workforce for one commissioned project; vendor-stated,project total,,vendor_stated,2026-10-01,https://karya.in/case-studies/first-tuberculosis-chatbot/,employing 100 individuals (50 men and 50 women) each in 10 districts across Karnataka to collect speech data using the Karya app,exact,
karya,karya-c034,"The public catalogue lists a Kannada read-speech dataset on questions related to tuberculosis: 629.61 hours from 604 speakers, with a sample download.",629.61,hours of read speech,size of one catalogue dataset; no price given,one-off,,vendor_stated,2026-10-01,https://karya.in/_next/static/chunks/4648-1bbb200c1c8ebd90.js,"language:""Kannada"",type:""Read Speech"",hours:""629.61"",speakerCount:""604"",domain:""Questions related to Tuberculosis""",exact,vendor_only; quote_incomplete
karya,karya-c035,Karya's 2025 end-of-year report says cumulative wages distributed to workers passed USD 3.2 million by the end of 2025.,3200000,USD,cumulative wages distributed to workers; vendor-stated,cumulative to end 2025,,vendor_stated,2025,https://reports.karya.in/2025/,bringing cumulative wages distributed to over USD 3.2 million,exact,unverifiable; scope_ok
karya,karya-c041,"Platform by Karya, its self-serve data-task tooling, lists a Basic plan at INR 4.99 per month with a Buy Now button; this is a tooling price, not a dataset price.",4.99,INR,"Platform by Karya Basic plan, paid by the platform customer; figure looks nominal and may be placeholder",per month,,vendor_stated,2026-10-01,https://platform.karya.in/plans-pricing,4.99₹ Every month To get the first impression of our capabilities,exact,
karya,karya-c042,Karya's 2024 end-of-year report states workers were paid 20 times the Indian minimum wage.,20,multiple of Indian minimum wage,"worker pay relative to statutory minimum wage; vendor-stated, method not given",not stated,,vendor_stated,2024,https://reports.karya.in/2024,20x Indian minimum wage paid,exact,confirmed_relayed; scope_ok
kled,kled-c006,Kled says contributors uploading financial documents for the $8M request can expect up to $50-$150 per form.,150,USD per form (upper end of $50-$150 range),"paid by Kled to the contributor per uploaded financial document; gross, not stated",per item,Kled,vendor_stated,2026-06-27,https://www.kled.ai/blog/kled-lands-8m-financial-data-request,Expected pay is up to $50-$150 per form.,exact,vendor_only; scope_ok
kled,kled-c008,Kled's tokenomics page says Nitrility's most recent SAFE investment came in at a $280 million valuation cap (vendor-stated).,280000000,USD,valuation cap on the most recent SAFE investment in Nitrility Inc.; vendor-stated,as of 2026-04-23,Kled,vendor_stated,2026-04-23,https://www.kled.ai/kled-tokenomics,Our most recent check came in at a $280 million valuation cap,exact,unverifiable; scope_ok
kled,kled-c009,"Kled's MiCA crypto-asset white paper (notified 2025-12-28) states Nitrility is profitable, carries no debt and had raised about USD 3 million through SAFE notes.",3000000,USD,equity raised through SAFE notes to the white paper date; issuer's own statement,cumulative,Kled,vendor_stated,2025-12-28,https://www.kled.ai/whitepaper,"It is currently profitable, carries no debt, and has raised approximately USD 3 million through SAFE notes.",exact,unverifiable; scope_ok
kled,kled-c016,"In November 2025 Kled said it had signed $310,000,000 worth of enterprise data from international film studios since October 28 (vendor-stated).",310000000,USD,"stated value of enterprise film data signed as supply, not revenue; basis of valuation not stated",2025-10-28 to 2025-11-08,Kled,vendor_stated,2025-11-08,https://www.kled.ai/blog/kled-builds-petabyte-scale-infrastructure-for-global-expansion,"Kled has signed another $310,000,000 worth of enterprise data from international film studios.",exact,unverifiable; quote_incomplete
kled,kled-c021,In January 2026 Kled said over $3 million was sitting in users' wallets (vendor-stated).,3000000,USD,unpaid contributor balances held in Kled wallets,as of 2026-01-05,Kled,vendor_stated,2026-01-05,https://www.kled.ai/blog/kled-hits-3m-in-active-user-payouts,Over $3 million is actively sitting in the wallets of our users.,exact,unverifiable; scope_ok
kled,kled-c022,"Kled said that three days after its V2 launch in December 2025 over $95,000 had been paid out to contributors in total (vendor-stated).",95000,USD,cumulative contributor payouts to 2025-12-17,cumulative,Kled,vendor_stated,2025-12-17,https://www.kled.ai/blog/kled-v2-pays-out-95k-uploads-surge-400%C3%97,"Over $95,000+ have been paid out in total.",exact,unverifiable; scope_ok
kled,kled-c023,In December 2025 Kled said payouts only processed once a contributor had at least 100 pending items worth at least $1.,100,pending items,minimum pending uploads before a payout batch processes (plus at least $1 value),per payout,Kled,vendor_stated,2025-12-17,https://www.kled.ai/blog/kled-v2-pays-out-95k-uploads-surge-400%C3%97,payouts only process if you have at least 100 pending items and the value is at least $1,exact,
kled,kled-c024,"In March 2026 Kled said its top earner made $7,400 per month and users uploaded 3-4.5 million files per day (vendor-stated).",7400,USD per month,earnings of the single top contributor; vendor-stated,per month,Kled,vendor_stated,2026-03-10,https://www.kled.ai/blog/kled-raises-5.5m-seed,"With our top earner making $7,400 per month.",exact,unverifiable; quote_incomplete
kled,kled-c025,"Kled says it has created 12,000+ structured datasets spanning egocentric, medical and urban travel data (vendor-stated).",12000,structured datasets,count of datasets Kled says it has created; vendor-stated,as of 2026-03-10,Kled,vendor_stated,2026-03-10,https://www.kled.ai/blog/kled-raises-5.5m-seed,"We’ve collected 12,000+ structured datasets created spanning egocentric data, medical data",exact,
kled,kled-c026,"Kled's April 2026 tokenomics page claims 300,000 contributors across 170+ countries and over 5 million uploads per day.",300000,contributors,contributor count; vendor-stated,as of 2026-04-23,Kled,vendor_stated,2026-04-23,https://www.kled.ai/kled-tokenomics,"The network: 300,000 contributors across 170+ countries.",exact,confirmed_relayed; quote_incomplete
kled,kled-c027,Kled says it has a $35M+ data purchase pipeline with enterprise relationships across leading AI labs (vendor-stated).,35000000,USD,"stated pipeline of data purchases, not booked revenue",as of 2026-04-23,Kled,vendor_stated,2026-04-23,https://www.kled.ai/kled-tokenomics,Kled has a $35M+ data purchase pipeline,exact,unverifiable; scope_ok
kled,kled-c028,Kled's white paper set a plan to scale the marketplace toward 5-10 million users by Q3 2026.,5000000,users (lower bound of 5-10 million target),"roadmap target, not an outcome",by Q3 2026,Kled,vendor_stated,2025-12-28,https://www.kled.ai/whitepaper,scale its marketplace toward 5–10 million users by Q3 2026,exact,
kled,kled-c046,Kled's audit portal reports that 99.3% of the files measured on Trace are images and 0.7% are video (live dashboard).,99.3,percent of files,"share of 254,129,356 measured receipts that are images",as of 2026-10-01,Kled,vendor_stated,2026-10-01,https://trace.datafdn.org/audit/kled,"Image 252,401,546 · 99.3%",missing 0.00,
kled,kled-c047,"Kled's audit portal shows 254,130,955 records on Trace (live counter).",254130955,receipts,contribution receipts Kled has written to the Trace ledger,cumulative as of 2026-10-01,Kled,vendor_stated,2026-10-01,https://trace.datafdn.org/audit/kled,"Records on Trace 254,130,955",missing 0.25,
kled,kled-c048,"Kled's audit portal says 71.7% of receipts come from Southeast Asia and 25.4% from Sub-Saharan Africa, with 2.2% from North America.",71.7,percent of receipts,"share of located receipts from contributors in Southeast Asia, weighted by receipt volume",as of 2026-10-01,Kled,vendor_stated,2026-10-01,https://trace.datafdn.org/audit/kled,Southeast Asia SEA 71.7% Sub-Saharan Africa AF 25.4%,missing 0.33,vendor_only; quote_incomplete
kled,kled-c057,"Kled says each Special Task collects 1,000-2,000 unique samples.",2000,"samples per task (upper end of 1,000-2,000)",planned collection size per Special Task,per task,Kled,vendor_stated,2025-11-12,https://www.kled.ai/blog/kled-introduces-special-tasks-in-v2,"collect 1,000-2,000 unique samples per task",exact,
kled,kled-c068,"Contributors can cash out via Venmo, PayPal or Solana once their balance reaches $25.",25,USD,minimum contributor balance before cash-out,per cash-out,Kled contributor app,vendor_stated,2026-10-01,https://help.kled.ai/article/what-is-kled-and-how-does-it-work,"Withdraw your earnings via Venmo, PayPal, or Solana cryptocurrency once you reach the $25 minimum.",exact,confirmed_relayed; scope_ok
kled,kled-c071,"In April 2026 Kled advertised US tasks such as uploading 500 selfies for $1,000.",1000,USD per 500 selfies,"reward paid by Kled to a qualified, KYC'd US contributor for the task",per task,Kled,vendor_stated,2026-04-28,https://www.kled.ai/blog/kled-expands-u.s.-task-rewards,"upload 500 selfies for $1,000",exact,vendor_only; scope_ok
kled,kled-c072,In April 2026 Kled advertised $5 for a short video of the contributor taking out the trash and $150 for uploading a tax return.,5,USD per video,reward paid by Kled to the contributor for one task video,per item,Kled,vendor_stated,2026-04-28,https://www.kled.ai/blog/kled-expands-u.s.-task-rewards,"record a quick video of yourself taking out the trash for $5, or upload your tax return for $150",exact,
kled,kled-c073,"Kled says it is receiving tasks from foundation model companies paying $1,000+ per single completion.",1000,USD per task completion (lower bound),reward per completion of the highest-value tasks; vendor-stated,per item,Kled,vendor_stated,2026-04-23,https://www.kled.ai/kled-tokenomics,"actively receiving tasks paying $1,000+ per single completion",exact,unverifiable; quote_incomplete
kled,kled-c074,"Kled's blog, quoting a Guardian article, says a Cape Town contributor earned $14 for an 'Urban Navigation' task video.",14,USD per video,"one contributor's reward for one task video, as relayed by Kled",per item,Kled,vendor_stated,2026-03-21,https://www.kled.ai/blog/kled-featured-in-the-guardian-on-ai-data-work,"The video earned him $14, about 10 times the country’s minimum wage",exact,unverifiable; quote_incomplete
kled,kled-c087,Kled's audit portal shows Terms of Service version 2026-05-01 as 'current' on 100% of consent receipts.,100,percent of receipts,"share of 208,231,888 receipts that record ToS v2026-05-01",as of 2026-10-01,Kled,vendor_stated,2026-10-01,https://trace.datafdn.org/audit/kled,"Terms of service v2026-05-01 current 208,231,888 · 100%",missing 0.56,vendor_only; scope_ok
kled,kled-c115,The Terms cap the total liability of Kled and its current and prospective customers and partners to a user at $100.,100,USD,cap on total liability of Kled and its customers and partners to a user (greater of $100 or other sum stated),aggregate,Kled contributor app / data platform (Terms of Service),legal_text,2026-07-21,https://www.kled.ai/terms-of-service,SHALL NOT EXCEED THE GREATER OF ONE HUNDRED DOLLARS ($100.00),exact,vendor_only; scope_ok
korea-ai-hub,korea-ai-hub-c035,"AI-Hub's 'AI data exchange' page lists four registered private exchanges, each as a description and an outbound link.",4,registered data exchanges,count shown on AI-Hub's AI data exchange page,as at retrieval,"AI-Hub, South Korea",vendor_stated,2026-10-01,https://www.aihub.or.kr/devsport/aidataexchn/list.do?currMenu=523&topMenu=101,등록된거래소 4건,exact,vendor_only; scope_ok
korea-ai-hub,korea-ai-hub-c051,AI-Hub's open-data catalogue page lists 977 datasets.,977,datasets,"count shown on AI-Hub's open-data list page, all fields and years",as at retrieval,"AI-Hub, South Korea",vendor_stated,2026-10-01,https://www.aihub.or.kr/aihubdata/data/list.do?currMenu=115&topMenu=100,데이터셋 (977건),exact,vendor_only; scope_ok
korea-ai-hub,korea-ai-hub-c052,"Filtered to data type 'video', AI-Hub's open-data catalogue lists 110 datasets.",110,datasets,count shown on AI-Hub's open-data list filtered to data type video,as at retrieval,"AI-Hub, South Korea",vendor_stated,2026-10-01,https://www.aihub.or.kr/aihubdata/data/list.do?currMenu=115&topMenu=100&srchOneDataTy=DATA002,데이터셋 (110건),exact,vendor_only; scope_ok
korea-ai-hub,korea-ai-hub-c053,"Filtered to data type 'image', AI-Hub's open-data catalogue lists 630 datasets.",630,datasets,count shown on AI-Hub's open-data list filtered to data type image,as at retrieval,"AI-Hub, South Korea",vendor_stated,2026-10-01,https://www.aihub.or.kr/aihubdata/data/list.do?currMenu=115&topMenu=100&srchOneDataTy=DATA001,데이터셋 (630건),exact,
korea-ai-hub,korea-ai-hub-c054,"In March 2025 AI-Hub said it offered 908 datasets, the most in Korea, and invited companies to share their own data through it.",908,datasets,AI-Hub's own count of datasets offered,as at 2025-03,"AI-Hub, South Korea",vendor_stated,2025-03-05,https://www.aihub.or.kr/aihubnews/notice/view.do?pageIndex=1&currMenu=132&topMenu=103&nttSn=10405,현재 국내에서 가장 많은 데이터(908종)를 제공하는 AI 허브가 이제 민간기업과 협력하고자 합니다.,exact,
korea-ai-hub,korea-ai-hub-c055,"AI-Hub says 42 datasets from the 2025 AI training-data programme (LLM, LMM, synthetic and reasoning data) were officially opened on 30 June 2026.",42,datasets,datasets opened in the 2025 programme release,one-off,"AI-Hub, South Korea",vendor_stated,2026-06-30,https://www.aihub.or.kr/aihubnews/notice/view.do?pageIndex=1&currMenu=132&topMenu=103&nttSn=10549,"LLM, LMM, 합성데이터, 추론데이터로 구성된 총 42종의 데이터를 공개하오니",exact,unverifiable; scope_ok
korea-ai-hub,korea-ai-hub-c057,"The Broadcasting Media Communications Commission and the Korea Radio Promotion Association (RAPA) opened 10 broadcast-video AI training datasets totalling 1,175,800 items through the AI-Hub safe zone in August 2026.",1175800,items,total items across 10 broadcast-video datasets opened via the safe zone,one-off,"AI-Hub, South Korea",vendor_stated,2026-08-05,https://www.aihub.or.kr/aihubnews/notice/view.do?pageIndex=1&currMenu=132&topMenu=103&nttSn=10554,"방송영상 AI 학습용 데이터 10종(총 117만 5,800건)",exact,confirmed_independent; scope_ok
korea-ai-hub,korea-ai-hub-c060,"NIA's 2026 private-sector data survey offers each selected providing company technical and financial support worth 60 million won per dataset, up to 100 datasets.",60000000,KRW per dataset,in-kind and financial quality and de-identification support paid by NIA to a data-providing company; cap 100 datasets,one-off,"AI-Hub, South Korea",government,2026-08-03,https://www.aihub.or.kr/aihubnews/notice/view.do?pageIndex=1&currMenu=132&topMenu=103&nttSn=10552,"기술적·재정적 지원(1종당 0.6억원, 최대 100종)",exact,vendor_only; scope_wrong
korea-ai-hub,korea-ai-hub-c067,"The K-Stock content dataset contains 52,463 source images and 52,463 label files built in 2025.",52463,images,source images in the K-Stock content dataset,one-off,"AI-Hub, South Korea",vendor_stated,2026-10-01,https://www.aihub.or.kr/aihubdata/data/view.do?currMenu=115&topMenu=100&aihubDataSe=data&dataSetSn=71969,"2025년/원천데이터 (이미지) 52,463장 라벨링데이터 (텍스트) 52,463건",exact,
laion-5b,laion-5b-c004,"The Stanford Internet Observatory investigation reported 3,226 suspected instances of child sexual abuse material in LAION-5B, of which 1,008 were externally validated.",3226,suspected CSAM instances (links) in LAION-5B,"Stanford Internet Observatory count as reported by 404 Media; 1,008 of these externally validated",as of the December 2023 report,,independent,2023-12-20,https://www.404media.co/laion-datasets-removed-stanford-csam-child-abuse/,"3,226 suspected instances of child sexual abuse material, 1,008 of which were externally validated",exact,confirmed_independent; scope_ok
laion-5b,laion-5b-c010,"LAION says 2,236 links were removed from LAION-5B to make Re-LAION-5B, after matching against link and image hash lists from its partners.",2236,links removed,"links in LAION-5B matched against hash lists from C3P, IWF and Stanford Internet Observatory; vendor-stated",one-off (Re-LAION-5B release),,vendor_stated,2024-08-30,https://laion.ai/blog/relaion-5b/,"In all, 2236 links were removed after matching with the lists of link and image hashes provided by our partners.",exact,confirmed_independent; scope_ok
laion-5b,laion-5b-c011,"LAION says Re-LAION-5B contains 5,526,641,167 text-link to image pairs.",5526641167,text-link to image pairs,dataset size stated by LAION for Re-LAION-5B,as of the August 2024 release,,vendor_stated,2024-08-30,https://laion.ai/blog/relaion-5b/,"Total number of text-link to images pairs in Re-LAION-5B: 5.5 B (5,526,641,167)",exact,confirmed_independent; scope_ok
laion-5b,laion-5b-c012,LAION described the original LAION-5B as a dataset of 5.85 billion CLIP-filtered image-text pairs.,5850000000,image-text pairs,dataset size stated by LAION for the original LAION-5B,as of the March 2022 release,,vendor_stated,2022-03-31,https://laion.ai/blog/laion-5b/,"We present a dataset of 5,85 billion CLIP-filtered image-text pairs",exact,confirmed_independent; scope_ok
laion-5b,laion-5b-c022,Human Rights Watch reported finding 170 photos of Brazilian children from at least 10 states in LAION-5B.,170,photos of identifiable Brazilian children found in LAION-5B,"Human Rights Watch count from a sample review, not a full audit",as of June 2024,,independent,2024-06-10,https://www.hrw.org/news/2024/06/10/brazil-childrens-personal-photos-misused-power-ai-tools,Human Rights Watch found 170 photos of children from at least 10 states,exact,confirmed_independent; scope_ok
laion-5b,laion-5b-c026,LAION says 399 links to children's private information reported by Human Rights Watch were removed in Re-LAION-5B.,399,links removed for privacy reasons,41 links from a first HRW report plus 358 from a second; vendor-stated,one-off (Re-LAION-5B release),,vendor_stated,2024-08-30,https://laion.ai/blog/relaion-5b/,= 399 links to public web provided by HRW,exact,confirmed_independent; scope_wrong
laion-5b,laion-5b-c039,"LAION says the research-safe NSFW filter removes 3.044% of samples from the original LAION-5B, about 176M of 5.8B.",3.044,percent of samples removed,share of original LAION-5B samples removed by the p_unsafe > 0.45 filter in Re-LAION-5B-research-safe; vendor-stated,one-off (Re-LAION-5B release),Re-LAION-5B-research-safe,vendor_stated,2024-08-30,https://laion.ai/blog/relaion-5b/,"This leads to removal of 3.044% (60.88M from 2B, 176M from 5.8B) samples from original LAION-5B.",exact,confirmed_independent; scope_ok
ldc,ldc-c026,"LDC's for-profit Standard membership costs USD 34,000 per calendar year and entitles the Member to up to 16 databases from the membership year.",34000,USD,annual fee paid by a for-profit member; covers up to 16 databases from the membership year,per year,"For-Profit Membership, Standard",legal_text,2026-10-01,https://catalog.ldc.upenn.edu/license/ldc-for-profit-membership.pdf,"$34,000 per calendar year. Standard Member is entitled to receive up to 16 LDC Databases from the Membership Year",exact,vendor_only; scope_ok
ldc,ldc-c027,"LDC's for-profit Subscription membership costs USD 40,000 per calendar year and entitles the Member to all databases released in the membership year.",40000,USD,annual fee paid by a for-profit member; covers all databases released in the membership year,per year,"For-Profit Membership, Subscription",legal_text,2026-10-01,https://catalog.ldc.upenn.edu/license/ldc-for-profit-membership.pdf,"$40,000 per calendar year. Subscription Member is entitled to automatically receive copies of all LDC Databases released",exact,vendor_only; scope_ok
ldc,ldc-c031,"LDC's join page lists the for-profit Standard membership at USD 34,000.",34000,USD,"membership fee for for-profit organisations, Standard tier, paid by the member",per year,"Membership, For-profit Standard",vendor_stated,2026-10-01,https://www.ldc.upenn.edu/members/join-ldc,"Standard membership: $34,000",fetch_failed,vendor_only; quote_incomplete
ldc,ldc-c032,"LDC's join page lists the for-profit Subscription membership at USD 40,000.",40000,USD,"membership fee for for-profit organisations, Subscription tier, paid by the member",per year,"Membership, For-profit Subscription",vendor_stated,2026-10-01,https://www.ldc.upenn.edu/members/join-ldc,"Subscription membership: $40,000",fetch_failed,vendor_only; quote_incomplete
ldc,ldc-c033,"LDC's join page lists the not-for-profit and US government Standard membership at USD 2,400.",2400,USD,"membership fee for not-for-profit organisations and US government, Standard tier, paid by the member",per year,"Membership, Not-for-profit / US government Standard",vendor_stated,2026-10-01,https://www.ldc.upenn.edu/members/join-ldc,"Standard membership: $2,400",fetch_failed,vendor_only; quote_incomplete
ldc,ldc-c034,"LDC's join page lists the not-for-profit and US government Subscription membership at USD 3,850.",3850,USD,"membership fee for not-for-profit organisations and US government, Subscription tier, paid by the member",per year,"Membership, Not-for-profit / US government Subscription",vendor_stated,2026-10-01,https://www.ldc.upenn.edu/members/join-ldc,"Subscription membership: $3,850",fetch_failed,vendor_only; quote_incomplete
ldc,ldc-c036,LDC says members can license older datasets at discounts of up to 50%.,50,percent discount (maximum),"discount for members on data outside the membership year, off the non-member fee; exact basis not stated",not stated,Membership,vendor_stated,2026-10-01,https://www.ldc.upenn.edu/members/membership-benefits,significant discounts (up to 50%),fetch_failed,vendor_only; scope_ok
luel,luel-c006,"Luel says it raised US$31.2 million in seed funding, announced 15 May 2026.",31200000,USD,"seed round total, company-announced; no filing found",one-off,,vendor_stated,2026-05-15,https://www.luel.ai/blog/luel-seed-31m-general-catalyst-lightspeed,today announced it has raised $31.2 million in seed funding,exact,unverifiable; scope_ok
luel,luel-c025,"Luel says more than 850,000 contributors earn through its platform.",850000,contributors,"vendor-stated headcount of contributors, no definition of active",as of retrieval,,vendor_stated,2026-10-01,https://www.luel.ai/contribute,"Join 850,000+ contributors already earning with Luel.",exact,unverifiable; scope_ok
luel,luel-c026,Luel says its contributor network spans 96 or more countries.,96,countries,vendor-stated lower bound,as of 2026-09-17,,vendor_stated,2026-09-17,https://www.luel.ai/blog/luel-data-marketplace-agent-native,"more than 850,000 contributors across 96+ countries",exact,unverifiable; scope_ok
luel,luel-c033,Luel's Diverse Egocentric POV Video listing says it was filmed by more than 400 contributors on the Pineye camera system.,400,contributors,vendor-stated lower bound for one dataset,as of retrieval,,vendor_stated,2026-10-01,https://www.luel.ai/datasets/diverse-egocentric-video,Filmed by 400+ contributors using the Pineye egocentric camera system,exact,vendor_only; scope_ok
luel,luel-c034,"Luel's Diverse Egocentric POV Video listing states a total duration of more than 1,000 hours.",1000,hours of video,"vendor-stated lower bound, one listing",as of retrieval,,vendor_stated,2026-10-01,https://www.luel.ai/datasets/diverse-egocentric-video,"1,000+ hours of footage",exact,vendor_only; scope_ok
luel,luel-c035,"Luel's General Egocentric Video listing claims recordings spanning more than 20,000 unique tasks.",20000,unique tasks,"vendor-stated lower bound, one listing",as of retrieval,,vendor_stated,2026-10-01,https://www.luel.ai/datasets/egocentric-video,"20,000+ unique tasks captured across households, factories, shops, and many more real-world environments",exact,vendor_only; scope_ok
luel,luel-c039,"Under the draft Supplier Terms a supplier earns 85% of each order amount that licenses its data, and Luel keeps the remaining 15%.",85,percent,supplier's share of the buyer's order amount; Luel retains 15% out of proceeds; draft terms not yet open for signature,per order,,legal_text,2026-09-15,https://www.luel.ai/marketplace/agreement,"you earn 85% of the order amount, rounded down to the cent, and Luel keeps the rest",exact,vendor_only; scope_ok
luel,luel-c054,"Luel's public marketplace lists 30 datasets: 24 audio, 4 sensor and 5 video, with some listings in more than one category.",30,datasets listed,public marketplace count shown on the page,as of retrieval,,vendor_stated,2026-10-01,https://www.luel.ai/marketplace,Showing 1 – 12 of 30 datasets,exact,vendor_only; quote_incomplete
luel,luel-c068,Luel's public beta of self-serve Luel Data publishes at most 12 corpora.,12,corpora,"release bound on self-serve API catalogue, not enforced by the API",public beta,,vendor_stated,2026-10-01,https://www.luel.ai/docs/data/buying,The public beta ships at most 12 corpora,exact,vendor_only; scope_ok
luel,luel-c074,Every self-serve Luel Data SKU on sale in production is priced at US$1.25 per minute of paired conversation.,1.25,USD per minute,"buyer pays; list price per minute of paired conversation audio, all self-serve speech SKUs",per minute licensed,,vendor_stated,2026-09-17,https://www.luel.ai/data/skill.md,Every SKU on sale in production is 125 minor per minute ($1.25/min),exact,vendor_only; scope_ok
luel,luel-c075,Luel's quickstart says the $1.25-a-minute rate makes one hour cost $75.,75,USD per hour,buyer pays; per hour of paired conversation time at the per-minute list rate,per hour licensed,,vendor_stated,2026-10-01,https://www.luel.ai/docs/data/quickstart,"125 minor is $1.25 a minute, so an hour is $75",exact,vendor_only; scope_ok
luel,luel-c084,"The unverified 'Licensed' buyer tier is capped at US$5,000 of lifetime spend.",5000,USD,lifetime spend cap per buyer account at the self-declared Licensed tier,account lifetime,,legal_text,2026-09-14,https://www.luel.ai/data-buyer-policy,"$5,000 of spend in total, ever, and at most 20 hours held of any one hourly-priced dataset",exact,vendor_only; quote_incomplete
luel,luel-c085,"Luel's agent guide says the Licensed tier's order range is 5 to 10 hours, so such a buyer can hold at most 10 hours of any one SKU.",10,hours per SKU,maximum cumulative hours a Licensed-tier buyer may hold of one SKU,account lifetime,,vendor_stated,2026-09-17,https://www.luel.ai/data/skill.md,"Today that range is 5 to 10 hours, so a `licensed` buyer can hold at most **10** hours of any",exact,vendor_only; scope_ok
luel,luel-c096,A buyer may open 5 new download sessions per dataset version in a rolling 30-day window.,5,download sessions,"per buyer org and dataset version, full-corpus lane",per rolling 30 days,,vendor_stated,2026-10-01,https://www.luel.ai/docs/data/limits,Do not architect around more than five genuine re-downloads per window.,exact,vendor_only; quote_incomplete
luel,luel-c105,Luel discloses that only 5.6% of sessions in its published corpora have two tracks of exactly equal length.,5.6,percent of sessions,measured by Luel across published self-serve corpora,as of retrieval,,vendor_stated,2026-10-01,https://www.luel.ai/docs/data/buying,only 5.6% of sessions have two tracks of exactly equal length,exact,vendor_only; scope_ok
luel,luel-c145,An open contributor task for three-person American English conversations pays US$12 per hour ($0.20 per minute).,12,USD per hour of recording,"Luel pays contributor; posted task rate, one task",per hour recorded,,vendor_stated,2026-10-01,https://www.luel.ai/contribute,$12/hr ($0.20/min) American English Conversations - Emotive & Spontaneous (3 People),exact,vendor_only; scope_ok
luel,luel-c146,"Open contributor tasks for low-resource-language conversations, such as Uyghur, pay US$7.50 per hour ($0.13 per minute).",7.5,USD per hour of recording,"Luel pays contributor; posted task rate for partner conversations in Uyghur, Tibetan, Hmong and others",per hour recorded,,vendor_stated,2026-10-01,https://www.luel.ai/contribute,$7.50/hr ($0.13/min) Uyghur Conversational Audio (Record with Partner),exact,vendor_only; scope_ok
macgence,macgence-c031,Macgence says its egocentric cooking activity video dataset contains 7000 hours of video.,7000,hours of video,vendor-stated total duration of one listed dataset,not applicable,AI Data Marketplace (data.macgence.com),vendor_stated,2026-10-01,https://data.macgence.com/video-datasets/egocentric-first-person-cooking-activity-recognition-video-dataset,Video Duration: 7000 hours,exact_in_data,unverifiable; scope_ok
macgence,macgence-c032,The data embedded in Macgence's marketplace home page reports 1050 active dataset listings.,1050,active dataset listings,"listing count in the page data of data.macgence.com, filter status Active; a category page built at another time showed 1061",point in time,AI Data Marketplace (data.macgence.com),vendor_stated,2026-10-01,https://data.macgence.com/,"""projectCount"":1050",exact_in_data,vendor_only; quote_incomplete
macgence,macgence-c033,Macgence's Data Marketplace page says it offers 700+ speech datasets.,700,speech datasets (lower bound),"vendor-stated catalogue size, stated as 700+",point in time,,vendor_stated,2026-10-01,https://macgence.com/products/data-marketplace/,700+ Speech Datasets,exact,vendor_only; scope_ok
macgence,macgence-c034,"Macgence's pricing page says its off-the-shelf datasets start from $0.10, without stating the unit the price applies to.",0.1,USD (unit of measure not stated),starting price paid by the buyer; unit not stated; marked with an asterisk; page says prices are estimates,not stated,,vendor_stated,2026-10-01,https://macgence.com/pricing/,"Our pre-curated, high-quality off-the-shelf datasets start from $0.10",exact,vendor_only; scope_ok
macgence,macgence-c035,"Macgence's pricing page says its data collection services start from $0.10, without stating the unit.",0.1,USD (unit of measure not stated),starting price for custom collection paid by the buyer; unit not stated; asterisked,not stated,,vendor_stated,2026-10-01,https://macgence.com/pricing/,Our data collection services start from $0.10,exact,vendor_only; scope_ok
macgence,macgence-c036,"Macgence's pricing page groups the Data Marketplace with its annotation, RLHF and transcription tools as platforms starting at $5 per month per seat.",5,USD per seat per month,starting platform subscription price for the four named platforms together; what a Data Marketplace seat buys is not stated,per month,,vendor_stated,2026-10-01,https://macgence.com/pricing/,"Data Marketplace, Annotation Tool, RLHF Tool, and Transcription Tool",exact,vendor_only; scope_ok
nexdata,nexdata-c003,"Nexdata says it has built a Physical AI data factory of more than 10,000 square metres for data collection in simulated and practical scenarios.",10000,square metres of data-collection floor space (lower bound),"vendor-stated facility size, '10,000+'",as of 2026-09-17,,vendor_stated,2026-09-17,https://www.nexdata.ai/company/news/1453,"10,000+ m² Physical AI data factory",exact,unverifiable; scope_ok
nexdata,nexdata-c004,"Nexdata says its bespoke UMI data collection has a capacity of more than 50,000 hours per month.",50000,hours of UMI data collected (lower bound),vendor-stated production capacity for bespoke collection,per month,,vendor_stated,2026-09-17,https://www.nexdata.ai/company/news/1453,"Bespoke UMI data collection with a capacity of** 50,000+ hours per month",exact,unverifiable; scope_ok
nexdata,nexdata-c005,"Nexdata says it holds more than 135,000 hours of single-, dual- and multi-camera ego-centric datasets.",135000,hours of ego-centric video (lower bound),"vendor-stated inventory, off-the-shelf and bespoke not separated",as of 2026-09-17,,vendor_stated,2026-09-17,https://www.nexdata.ai/company/news/1453,"135,000+ hours",exact,unverifiable; quote_incomplete
nexdata,nexdata-c008,"Nexdata says it has served more than 1,000 companies worldwide over a decade.",1000,customer companies (lower bound),"vendor-stated cumulative customer count, no period or definition given",cumulative over about a decade,,vendor_stated,2026-10-01,https://www.nexdata.ai/,we've empowered 1000+ companies worldwide to enhance their AI models' performance,exact,unverifiable; quote_incomplete
nexdata,nexdata-c009,"Nexdata's homepage says it has over 1,000 off-the-shelf datasets 'ready to be delivered in seconds'.",1000,off-the-shelf datasets (lower bound),vendor-stated catalogue size,as of retrieval,,vendor_stated,2026-10-01,https://www.nexdata.ai/,Nexdata have over 1000 off-the-shelf datasets ready to be delivered in seconds,exact,unverifiable; scope_ok
nexdata,nexdata-c010,"Nexdata says it has global data processing factories and more than 20,000 professional annotators.",20000,professional annotators (lower bound),vendor-stated workforce; employment basis not stated,as of retrieval,,vendor_stated,2026-10-01,https://www.nexdata.ai/,"global data processing factories and more than 20,000 professional annotators",exact,unverifiable; scope_ok
nexdata,nexdata-c019,Nexdata's listing 1803 offers a dataset of 30 million video clips.,30000000,video clips,vendor-stated dataset size on the listing,as of retrieval,30M High-Quality Video Dataset (listing 1803),vendor_stated,2026-10-01,https://www.nexdata.ai/datasets/computervision/1803,30 million video,exact,confirmed_relayed; scope_ok
nexdata,nexdata-c032,"Nexdata's 3,919-person face listing states label accuracy of more than 97% for pose, nationality, gender, environment and age.",97,percent label accuracy (lower bound),vendor-stated on the listing; method not stated,as of retrieval,"3,919 People Multi-pose Faces Dataset (listing 1199)",vendor_stated,2026-10-01,https://www.nexdata.ai/datasets/computervision/1199,"the accuracy of labels of face pose, head pose, nationality, gender, collection environment and age are more than 97%",exact,confirmed_relayed; scope_ok
nexdata,nexdata-c062,The sponsored-datasets programme caps applications for speech recognition datasets at four sets per applicant.,4,datasets per applicant,cap on free speech-recognition datasets under the research programme,not stated,,vendor_stated,2026-10-01,https://www.nexdata.ai/company/sponsored-datasets,The maximum number of applications for speech recognition datasets is 4 sets.,exact,vendor_only; scope_ok
nexdata,nexdata-c066,"Nexdata says its initial quality inspection samples at least 50% of self-inspected data, and at least 70% for high-requirement data.",50,percent of items randomly inspected at initial inspection (minimum),vendor-stated QA sampling rate; 70% for high-requirement data,per project,,vendor_stated,2026-10-01,https://www.nexdata.ai/company/data-security,the ratio of random inspection is at least 50%,exact,vendor_only; quote_incomplete
nexdata,nexdata-c067,Nexdata says its independent final inspection centre randomly inspects 30% of data before delivery.,30,percent of items randomly inspected at final inspection,vendor-stated; at least 50% for high-requirement data,per project,,vendor_stated,2026-10-01,https://www.nexdata.ai/company/data-security,the ratio of random inspection is 30%,exact,vendor_only; scope_ok
nexdata,nexdata-c072,"Nexdata's partner page says its off-the-shelf catalogue covers 200,000 hours of speech, 800TB of computer vision data and about 2 billion NLP items.",800,terabytes of computer vision datasets,vendor-stated off-the-shelf catalogue volume,as of retrieval,,vendor_stated,2026-10-01,https://www.nexdata.ai/company/partners,"Covering 200,000 hours of speech datasets, 800TB of computer vision datasets",exact,unverifiable; quote_incomplete
nexdata,nexdata-c078,"On Nexdata's Datarade storefront the 41,605-person Multiple Styles Video Data product is priced from USD 20,000 as a one-off purchase, with monthly, yearly and usage-based licences marked not available.",20000,USD,buyer pays; 'Starts at' floor price for a one-off purchase of the dataset; final price not stated,one-off,"Multiple Styles Video Data, 41,605 people (Datarade storefront), one-off purchase",vendor_stated,2026-10-01,https://data.nexdata.ai/products/nexdata-multiple-styles-video-data-41605-people-nexdata,Starts at $20K,exact,confirmed_relayed; quote_incomplete
nexdata,nexdata-c079,"On Nexdata's Datarade storefront the 100,000-hour Multiple Scenes Ego-Centric Data product is priced from USD 100,000 as a one-off purchase.",100000,USD,buyer pays; 'Starts at' floor price for a one-off purchase,one-off,"Multiple Scenes Ego-Centric Data, 100K hours (Datarade storefront), one-off purchase",vendor_stated,2026-10-01,https://data.nexdata.ai/products/nexdata-multiple-scenes-ego-centric-data-egocentric-data-nexdata,Starts at $100K,exact,confirmed_relayed; scope_ok
nexdata,nexdata-c080,"On Nexdata's Datarade storefront the 200,000-ID face anti-spoofing dataset is priced from USD 10,000 as a one-off purchase.",10000,USD,buyer pays; 'Starts at' floor price for a one-off purchase,one-off,"Face Anti-spoofing Data, 200,000 ID (Datarade storefront), one-off purchase",vendor_stated,2026-10-01,https://data.nexdata.ai/products/nexdata-face-anti-spoofing-data-200-000-id-image-video-nexdata,Starts at $10K,exact,confirmed_relayed; scope_ok
nexdata,nexdata-c093,"Nexdata says it reached a production rate of about 5,000 hours of valid ego-centric data per week on a custom collection project.",5000,hours of valid ego-centric data,vendor-stated throughput on one custom project,per week,,vendor_stated,2026-06-18,https://www.nexdata.ai/company/news/1417,"Nexdata achieved a production capacity of approximately 5,000 hours of valid and usable data per week",exact,unverifiable; scope_ok
nexdata,nexdata-c095,"In July 2026 Nexdata said it provides more than 1,500 licensed datasets, including over 10 million hours of speech and more than 800 TB of computer vision data.",1500,licensed datasets (lower bound),vendor-stated catalogue size,as of 2026-07-08,,vendor_stated,2026-07-08,https://www.nexdata.ai/company/news/1424,"1,500 licensed datasets",exact,unverifiable; quote_incomplete
nexdata,nexdata-c096,"In July 2026 Nexdata said it operated an 8,000+ square-metre Physical AI data collection facility with 300+ humanoid robots.",8000,square metres of data-collection floor space (lower bound),"vendor-stated facility size, '8,000+'",as of 2026-07-08,,vendor_stated,2026-07-08,https://www.nexdata.ai/company/news/1424,"8,000+ square-meter Physical AI data collection facility",exact,unverifiable; quote_incomplete
opendatabay,opendatabay-c011,Opendatabay says its marketplace lists 586 data products.,586,data products listed,"vendor homepage counter, all listings free and paid",point in time,,vendor_stated,2026-10-01,https://www.opendatabay.com/,All Data Products (586),missing 0.50,vendor_only; scope_ok
opendatabay,opendatabay-c012,Opendatabay says it has 91 licensed data providers.,91,data providers,vendor homepage counter,point in time,,vendor_stated,2026-10-01,https://www.opendatabay.com/,Licensed Data Providers (91),missing 0.50,vendor_only; scope_ok
opendatabay,opendatabay-c038,"Opendatabay's commission is 30% on a sale priced GBP 1 to 100, leaving the seller 70%.",30,percent,"platform fee deducted from the seller's proceeds, percent of sale price, transactions of GBP 1-100",per transaction,,legal_text,2026-08-24,https://www.opendatabay.com/legal/fees,£1 - £100 30% 70%,exact,vendor_only; scope_ok
opendatabay,opendatabay-c039,"Opendatabay's commission falls from 30% to 25% across sales priced GBP 101 to 1,000.",25,percent,"platform fee deducted from seller proceeds; 30% at the bottom of the GBP 101-1,000 band falling to 25% at the top, applied progressively",per transaction,,legal_text,2026-08-24,https://www.opendatabay.com/legal/fees,"£101 - £1,000 30% → 25% 70% → 75%",exact,vendor_only; scope_ok
opendatabay,opendatabay-c040,"Opendatabay's commission falls from 25% to 20% across sales priced GBP 1,001 to 10,000.",20,percent,"platform fee deducted from seller proceeds; 25% falling to 20% across the GBP 1,001-10,000 band, applied progressively",per transaction,,legal_text,2026-08-24,https://www.opendatabay.com/legal/fees,"£1,001 - £10,000 25% → 20% 75% → 80%",exact,vendor_only; scope_ok
opendatabay,opendatabay-c041,"Opendatabay's commission falls from 20% to 15% across sales priced GBP 10,001 to 25,000.",15,percent,"platform fee deducted from seller proceeds; 20% falling to 15% across the GBP 10,001-25,000 band, applied progressively",per transaction,,legal_text,2026-08-24,https://www.opendatabay.com/legal/fees,"£10,001 - £25,000 20% → 15% 80% → 85%",exact,vendor_only; scope_ok
opendatabay,opendatabay-c042,"Opendatabay's commission falls from 15% to 10% across sales priced GBP 25,001 to 50,000.",10,percent,"platform fee deducted from seller proceeds; 15% falling to 10% across the GBP 25,001-50,000 band, applied progressively",per transaction,,legal_text,2026-08-24,https://www.opendatabay.com/legal/fees,"£25,001 - £50,000 15% → 10% 85% → 90%",exact,vendor_only; scope_ok
opendatabay,opendatabay-c043,"Opendatabay's commission falls from 10% to 5% across sales priced GBP 50,001 to 250,000.",5,percent,"platform fee deducted from seller proceeds; 10% falling to 5% across the GBP 50,001-250,000 band, applied progressively",per transaction,,legal_text,2026-08-24,https://www.opendatabay.com/legal/fees,"£50,001 - £250,000 10% → 5% 90% → 95%",exact,vendor_only; scope_ok
opendatabay,opendatabay-c044,"Opendatabay's commission is 5% on a sale priced GBP 250,001 or more, leaving the seller 95%.",5,percent,"platform fee deducted from seller proceeds, percent of sale price, transactions of GBP 250,001 and above",per transaction,,legal_text,2026-08-24,https://www.opendatabay.com/legal/fees,"£250,001 and above 5% 95%",exact,vendor_only; scope_ok
opendatabay,opendatabay-c053,Opendatabay pays providers only once their total earnings reach at least GBP 100.,100,GBP,minimum accumulated seller earnings before a payout is processed,per payout,,vendor_stated,2026-10-01,https://docs.opendatabay.com/for-data-providers/platform-fees-and-pricing.md,Payments are processed only when total earnings reach a minimum of £100.,exact,vendor_only; scope_ok
opendatabay,opendatabay-c151,"The egocentric video listing is priced at GBP 371,000.",371000,GBP,"buyer price for the initial batch of 50,000 hours of narrated egocentric video; list price set by the provider",one-off,,vendor_stated,2026-10-01,https://www.opendatabay.com/data/ai-ml/b265aff0-f1c6-4bb8-b0c3-a256fda10cca,"£371,000",exact,vendor_only; scope_wrong
opendatabay,opendatabay-c159,The Industrial Bearing Thermography image dataset is priced at GBP 850.,850,GBP,"buyer list price for the whole dataset (1,326 records), set by the provider",one-off,,vendor_stated,2026-10-01,https://www.opendatabay.com/data/premium/c273a3ea-1c0a-4bde-8e36-2e2fdd9060b4,£850,exact,vendor_only; scope_ok
opendatabay,opendatabay-c165,"The Multilingual Speech & Audio listing is priced at GBP 500,000.",500000,GBP,"buyer list price shown on the listing, set by the provider",one-off,,vendor_stated,2026-10-01,https://www.opendatabay.com/data/premium/e6386607-7899-457b-bb85-5f31ae6c11fb,"£500,000",exact,vendor_only; scope_ok
pixta-ai,pixta-ai-c045,On 1 October 2026 the PIXTA AI 'Latest Datasets' page showed 38 dataset listings.,38,dataset listings,"count shown on the public Latest Datasets page, all providers",snapshot,PIXTA AI,vendor_stated,2026-10-01,https://www.pixta.ai/datasets/latest,Latest Datasets ( 1 - 20 of 38 results),exact,vendor_only; scope_ok
pixta-ai,pixta-ai-c059,"PIXTA's Japanese ML service says its image/video datasets can be bought from 1,000 items for 99,000 yen including tax.",99000,"JPY per dataset of 1,000 items","buyer pays PIXTA; entry price 'from', tax included; preset dataset",one-off,PIXTA machine-learning image/video data service (pixta.jp),vendor_stated,2026-10-01,https://pixta.jp/machinelearning-dataset,"データセットは1,000点 99,000円（税込）からご購入いただけます。",exact,confirmed_relayed; scope_wrong
pixta-ai,pixta-ai-c061,PIXTA says more than 112.9 million images and videos are available for immediate supply as training data.,112900000,images and videos,vendor-stated library size available as ML training data,snapshot,PIXTA machine-learning image/video data service (pixta.jp),vendor_stated,2026-10-01,https://pixta.jp/machinelearning-dataset,すぐに提供できる学習用データは1億1290万点以上。,exact,vendor_only; scope_ok
pixta-ai,pixta-ai-c062,PIXTA says it can supply up to 4 million images of Japanese people through its made-to-order dataset service.,4000000,images of Japanese people,vendor-stated maximum for order-made datasets,snapshot,PIXTA machine-learning image/video data service (pixta.jp),vendor_stated,2026-10-01,https://pixta.jp/machinelearning-dataset,日本人人物画像は最大400万点提供が可能です。,exact,vendor_only; scope_ok
pixta-ai,pixta-ai-c079,"PIXTA's 'senior and caregiver behaviour' video dataset of 50 videos is priced at 198,000 yen including tax, annotation extra.",198000,JPY per 50-video dataset,buyer pays PIXTA; tax included; annotation charged separately,one-off,Senior and caregiver behaviour video dataset (pixta.jp),vendor_stated,2026-06-24,https://pixta.jp/guide/?p=74272,"価格 198,000円（税込）",exact,unverifiable; quote_incomplete
pixta-ai,pixta-ai-c086,"In 2021 PIXTA priced its 1,000-image Japanese people ML dataset at 99,000 yen including tax without annotation.",99000,"JPY per 1,000-image dataset",buyer pays PIXTA; tax included; without annotation,one-off,"Japanese people 1,000-image ML dataset (pixta.jp)",vendor_stated,2022-07-13,https://pixta.jp/guide/?p=62476,"アノテーションなし　99,000円（税込）",exact,confirmed_relayed; scope_ok
pixta-ai,pixta-ai-c087,"In 2021 PIXTA priced the same 1,000-image dataset with face bounding-box annotation at 165,000 yen including tax.",165000,"JPY per 1,000-image dataset",buyer pays PIXTA; tax included; with ready-made face bounding-box annotation,one-off,"Japanese people 1,000-image ML dataset (pixta.jp)",vendor_stated,2022-07-13,https://pixta.jp/guide/?p=62476,"アノテーションあり　165,000円（税込）",exact,confirmed_relayed; quote_incomplete
pixta-ai,pixta-ai-c090,"PIXTA launched a 1,000-image 'worker' ML dataset on 18 May 2026 at 99,000 yen including tax.",99000,"JPY per 1,000-image dataset",buyer pays PIXTA; tax included; annotation extra,one-off,PIXTA ML image/video data service (pixta.jp),vendor_stated,2026-05-18,https://pixta.co.jp/news/2072,"99,000円（税込）",exact,unverifiable; quote_incomplete
pixta-ai,pixta-ai-c094,"PIXTA's 1,000-image senior-caregiver dataset is priced at 99,000 yen including tax.",99000,"JPY per 1,000-image dataset",buyer pays PIXTA; tax included; annotation extra,one-off,PIXTA ML image/video data service (pixta.jp),vendor_stated,2026-06-24,https://pixta.co.jp/news/2090,"99,000円（税込）",exact,unverifiable; quote_incomplete
pixta-ai,pixta-ai-c109,PIXTA's stock-licence compensation for rights infringement is capped at 1 million yen per member or per organisation.,1000000,JPY aggregate compensation cap,"PIXTA's indemnity to stock buyers, per member or per registered organisation; stock licence, not stated for ML datasets",aggregate,"PIXTA stock marketplace (pixta.jp) terms, licence and contributor agreement",legal_text,2025-04-22,https://pixta.jp/terms,会員毎の総計（当該会員が利用した複数のコンテンツに権利侵害があった場合、累計の賠償額を指すものとします。）で100万円を超えない,exact,vendor_only; quote_incomplete
pixta-ai,pixta-ai-c116,"PIXTA says 10 credits are worth 1,000 yen and can be cashed out once accumulated.",100,JPY per earned credit,"contributor credit exchange value as stated in the terms note (10 credits = 1,000 yen), before withholding tax and fees",not stated,"PIXTA stock marketplace (pixta.jp) terms, licence and contributor agreement",legal_text,2025-04-22,https://pixta.jp/terms,"10クレジット（1,000円分）が貯まった時点で換金申請が可能となり",exact,vendor_only; scope_ok
pixta-ai,pixta-ai-c117,"The pixta.jp site footer showed 455,297 contributing creators on 1 October 2026 (vendor-stated).",455297,contributing creators,vendor-stated count shown in pixta.jp footer,snapshot,"PIXTA stock marketplace (pixta.jp) terms, licence and contributor agreement",vendor_stated,2026-10-01,https://pixta.jp/terms,"クリエイター数： 455,297 人",exact,vendor_only; scope_ok
pixta-ai,pixta-ai-c119,"PIXTA pays general contributors 22-42% commission on single-image photo and illustration sales, by creator rank.",42,percent of net sale (upper bound; range 22-42),"contributor share of pre-tax sale, general (non-exclusive) creator, single purchase of photo/illustration; stock sales, not ML datasets",per sale,PIXTA stock contributor commission,vendor_stated,2026-10-01,https://pixta.jp/guide/?p=3336,22～42%,exact,vendor_only; quote_incomplete
pixta-ai,pixta-ai-c127,"For generative-AI dataset sales PIXTA pays contributors 20% of net receipts after its costs, pro-rated by their share of the dataset.",20,percent of net receipts,"contributors' pool: 20% of PIXTA's pre-tax receipts minus related costs, split by each contributor's share of content in the dataset; generative-AI training licences",per year (paid annually),PIXTA contributor notice on generative-AI training licences,vendor_stated,2024-04-08,https://pixta.jp/guide/?p=70856,残余の金額の20%に相当する金額に対して、機械学習用データセットに含まれたコンテンツの割合に応じて算出した金額,exact,unverifiable; scope_ok
pixta-ai,pixta-ai-c133,"In a 2023 paid brief PIXTA paid 10 credits per accepted set of 6 frontal face photos, collected only for ML datasets.",10,credits per accepted set of 6 photos,"one-off reward to the contributor, covering all licence consideration for the period; ML-only brief",one-off,PIXTA paid contributor brief for ML face photos,vendor_stated,2023-11-02,https://pixta.jp/guide/?p=70326,採用された画像一式（6点）につき 10クレジット,exact,vendor_only; quote_incomplete
pixta-ai,pixta-ai-c135,In a November 2025 brief PIXTA paid 15 credits per accepted set of 3-7 car front-grille photos for ML datasets.,15,credits per accepted set of 3-7 photos,one-off reward to the contributor on passing review; ML-only brief,one-off,PIXTA paid contributor brief for ML images,vendor_stated,2025-11-13,https://pixta.jp/guide/?p=73298,1式（写真３点以上最大７点まで）あたり、15クレジット分の獲得クレジットを一括で付与します,exact,vendor_only; scope_ok
poseidon,poseidon-c074,Poseidon retains content collected for biometric purposes for no longer than 3 years after the contributor's last interaction with the Services.,3,years,"maximum retention by Poseidon of content collected for biometric purposes, counted from the contributor's last interaction; copies licensed to third parties not addressed",maximum retention,,legal_text,2026-08-26,https://www.psdn.ai/privacy,We retain content collected for biometric purposes for no longer than 3 years,exact,vendor_only; scope_ok
poseidon,poseidon-c104,A contributor becomes eligible for a fiat payout once their Confirmed Balance reaches USD 25.,25,USD,minimum Confirmed Balance (accepted submissions) a contributor must accrue before Poseidon makes a fiat payout,per payout,Poseidon Terms of Service (contributor / app user side),legal_text,2026-08-26,https://www.psdn.ai/terms,once your Confirmed Balance reaches the minimum payout threshold of USD25,exact,vendor_only; scope_ok
poseidon,poseidon-c116,Poseidon's total liability to a user is capped at USD 100.,100,USD,cap on Poseidon's total liability to a contributor or app user under the Terms,aggregate,Poseidon Terms of Service (contributor / app user side),legal_text,2026-08-26,https://www.psdn.ai/terms,SHALL NOT EXCEED THE GREATER OF ONE HUNDRED DOLLARS ($100.00),exact,vendor_only; scope_ok
protege,protege-c058,Protege says it builds datasets by combining content across more than 150 global providers.,150,"global content providers (lower bound, '150+')",vendor-stated count of providers whose content is combined into datasets; not independently verified,cumulative to date,Video / audiovisual data providers,vendor_stated,2026-10-01,https://withprotege.ai/data-provider/video,"By combining content across 150+ global providers, we construct datasets that power multiple AI",exact,unverifiable; scope_ok
protege,protege-c059,Protege says it has 100+ producer and distributor partners for audiovisual content across six continents.,100,"AV producer and distributor partners (lower bound, '100+')",vendor-stated; number shown as '100+' next to this label,cumulative to date,Video / audiovisual data providers,vendor_stated,2026-10-01,https://withprotege.ai/data-provider/video,Producers & distributor partners for AV content across 6 continents,exact,unverifiable; quote_incomplete
protege,protege-c081,"Protege said Calliope brought hundreds of thousands of hours of TV, film, news and sports content.",100000,hours of video (lower bound of 'hundreds of thousands'),vendor-stated catalogue size brought by Calliope at acquisition; not independently verified,at December 2024,Calliope Networks (pre-acquisition business),vendor_stated,2024-12-18,https://withprotege.ai/articles/news/protege-acquires-calliope-networks-unlocking-premium-video-data-for-ai-training/,"hundreds of thousands of hours of global, high-quality TV, film, news and sports content",exact,unverifiable; scope_ok
protege,protege-c082,Protege said Calliope worked with over 70 data and content owners at acquisition.,70,"content owners (lower bound, 'over 70')",vendor-stated partner count for Calliope at acquisition,at December 2024,Calliope Networks (pre-acquisition business),vendor_stated,2024-12-18,https://withprotege.ai/articles/news/protege-acquires-calliope-networks-unlocking-premium-video-data-for-ai-training/,over 70 leading data and content owners,exact,unverifiable; scope_ok
protege,protege-c087,"Calliope's site says its TV and film catalogue offers more than 35,000 hours of content including 4K and 3D formats.",35000,hours of TV and film content (lower bound),vendor-stated Calliope catalogue size on its legacy site; conflicts in scale with Protege's 'hundreds of thousands of hours' figure,undated legacy page,Calliope Networks (pre-acquisition business),vendor_stated,2026-10-01,https://calliopenetworks.ai/f/protege-acquires-calliope-networks,"Our industry-leading TV and film catalog offers more than 35,000 hours of diverse, high-quality, global content",exact,vendor_only; scope_ok
protege,protege-c091,In January 2026 Protege announced a $30 million Series A round led by Andreessen Horowitz.,30000000,USD equity raised,vendor-announced Series A round (extension) led by a16z,"one-off, January 2026",,vendor_stated,2026-01-07,https://withprotege.ai/articles/news/protege-a16z-30million-fundraise/,announced a $30 million Series A round led by Andreessen Horowitz (a16z),exact,confirmed_independent; scope_ok
protege,protege-c092,Protege says the January 2026 round brought its total funding to $65 million since its founding in 2024.,65000000,USD total equity raised,vendor-stated cumulative funding since founding,cumulative to January 2026,,vendor_stated,2026-01-07,https://withprotege.ai/articles/news/protege-a16z-30million-fundraise/,brings total funding to $65 million since the company's founding in 2024,exact,unverifiable; scope_ok
protege,protege-c106,In August 2025 Protege announced a $25 million Series A round led by Footwork.,25000000,USD equity raised,vendor-announced Series A round led by Footwork,"one-off, August 2025",,vendor_stated,2025-08-13,https://withprotege.ai/articles/news/protege-series-a/,announced the close of a $25 million Series A funding round.,exact,confirmed_independent; quote_incomplete
protege,protege-c107,"Protege said in August 2025 that it had access to over 300,000 hours of video and over 500,000 hours of audio.",300000,hours of video content accessible (lower bound),"vendor-stated; 'access to' content held by partners, not owned inventory; audio stated as 500,000+ hours",at August 2025,,vendor_stated,2025-08-13,https://withprotege.ai/articles/news/protege-series-a/,"access to over 300,000 hours of video content, over 500,000 hours of audio",exact,unverifiable; scope_ok
protege,protege-c108,Protege said in August 2025 that it had over 100 data partners across healthcare and media.,100,data partners (lower bound),vendor-stated count across healthcare and media,at August 2025,,vendor_stated,2025-08-13,https://withprotege.ai/articles/news/protege-series-a/,Protege has over 100 data partners across healthcare and media and boasts,exact,confirmed_relayed; scope_ok
protege,protege-c123,Protege says healthcare partners' data comprises 5B+ patient encounters.,5000000000,patient encounters (lower bound),vendor-stated aggregate across healthcare partners; label reads patient encounters,cumulative to date,Healthcare data providers,vendor_stated,2026-10-01,https://withprotege.ai/data-provider/healthcare,5B+,exact,unverifiable; quote_incomplete
protege,protege-c130,Protege's spatial buyer page claims 50k+ unique performers in its motion data offer.,50000,unique performers (lower bound),vendor-stated across spatial/motion datasets available through Protege,cumulative to date,Spatial & physical intelligence data,vendor_stated,2026-10-01,https://withprotege.ai/model-builders/spatial,50k+ Unique Performers,exact,unverifiable; scope_ok
protege,protege-c132,Protege said AI builders will be able to access Dailymotion's catalogue of roughly 40 million videos through Protege.,40000000,videos in Dailymotion catalogue (approximate),vendor-stated size of partner catalogue made accessible; not a count of licensed or delivered videos,at July 2026,,vendor_stated,2026-07-16,https://withprotege.ai/articles/news/dailymotion-protege-partnership-announcement-video/,roughly 40 million videos,exact,unverifiable; scope_ok
shaip,shaip-c014,Shaip says its catalogue includes 55k+ hours of speech data in 50+ languages.,55000,hours of speech data,"vendor-stated catalogue size, lower bound",as of retrieval,,vendor_stated,2026-10-01,https://www.shaip.com/offerings/data-catalogs-licensing/,55k+ hours of speech data (50+ languages/100+ dialects),exact,unverifiable; scope_ok
shaip,shaip-c020,"Shaip's September 2026 catalogue update lists 80,000 hours of kids' content drawn from 240,000 YouTube videos.",80000,hours of video,vendor-stated dataset size; source YouTube,as of publication,,vendor_stated,2026-09-22,https://www.shaip.com/blog/computer-vision-data-catalog-with-new-image-and-video-datasets,"80,000 hours of kids' content across 240,000 YouTube videos",exact,unverifiable; scope_ok
shaip,shaip-c023,Shaip's September 2026 catalogue update lists a 10-million-image face recognition dataset.,10000000,images,vendor-stated dataset size,as of publication,,vendor_stated,2026-09-22,https://www.shaip.com/blog/computer-vision-data-catalog-with-new-image-and-video-datasets,10-million-image face recognition dataset,exact,unverifiable; scope_ok
shaip,shaip-c035,Shaip says it has 100+ customers worldwide.,100,customers,"vendor-stated lower bound, all services not only catalogue","cumulative, as of retrieval",,vendor_stated,2026-10-01,https://www.shaip.com/about/,100+ Customers worldwide,exact,unverifiable; scope_ok
shaip,shaip-c036,Shaip says it has 150+ team members.,150,employees,vendor-stated lower bound,as of retrieval,,vendor_stated,2026-10-01,https://www.shaip.com/about/,150+ Shaip team members,exact,
shaip,shaip-c041,Shaip's data collection page says it has 500K+ crowd contributors.,500000,contributors,"vendor-stated registered crowd, lower bound","cumulative, as of retrieval",,vendor_stated,2026-10-01,https://www.shaip.com/offerings/data-collection/,500K+ Crowd-scale credentialed contributors,exact,unverifiable; scope_ok
shutterstock,shutterstock-c006,"Shutterstock recorded a goodwill impairment charge of $173.7 million in Q2 2026, triggered by Getty Images' termination of the merger.",173.7,USD million,"goodwill impairment charge, GAAP, three months ended 30 June 2026",one-off,,filing,2026-08-07,https://www.sec.gov/Archives/edgar/data/0001549346/000154934626000029/sstk-20260630.htm,The analysis resulted in a goodwill impairment charge of $173.7 million.,fetch_failed,confirmed_independent; quote_incomplete
shutterstock,shutterstock-c007,Shutterstock said on 4 August 2026 that cost actions over the prior 18 months equate to over $70 million of annualised run-rate operating expense reductions.,70,USD million,"annualised run-rate operating expense reductions already taken (company statement, lower bound 'over')",per year,,filing,2026-08-04,https://www.sec.gov/Archives/edgar/data/1549346/000114036126031306/ef20079466_ex99-1.htm,cost actions over the past 18 months that equate to over $70 million of annualized run-rate operating expense reductions,fetch_failed,vendor_only; scope_ok
shutterstock,shutterstock-c008,Shutterstock said on 4 August 2026 it is targeting a further $60 million of annualised run-rate operating expense reductions by the end of 2026.,60,USD million,additional annualised run-rate operating expense reductions targeted by year-end 2026,per year,,filing,2026-08-04,https://www.sec.gov/Archives/edgar/data/1549346/000114036126031306/ef20079466_ex99-1.htm,targeting an additional $ 60 million in annualized run-rate operating expense reductions by the end of the year,fetch_failed,vendor_only; scope_ok
shutterstock,shutterstock-c010,Shutterstock's Q2 2026 results included $3.0 million of workforce optimisation expenses.,3.0,USD million,"workforce optimisation expense in net loss, Q2 2026",per quarter,,filing,2026-08-04,https://www.sec.gov/Archives/edgar/data/1549346/000114036126031306/ef20079466_ex99-1.htm,$3.0 million of workforce optimizations expenses,fetch_failed,
shutterstock,shutterstock-c011,Shutterstock's total revenue fell 17% to $221.8 million in the quarter ended 30 June 2026.,221.8,USD million,"total GAAP revenue, all offerings",per quarter,,filing,2026-08-07,https://www.sec.gov/Archives/edgar/data/0001549346/000154934626000029/sstk-20260630.htm,"Revenue decreased by $45.2 million, or 17%, to $221.8 million for the three months ended June 30, 2026",fetch_failed,confirmed_independent; scope_ok
shutterstock,shutterstock-c012,"Shutterstock's Data, Distribution, and Services revenue fell 16% to $56.1 million in Q2 2026.",56.1,USD million,"GAAP revenue of the Data, Distribution, and Services offering (data licensing plus Giphy and Studios; data not broken out)",per quarter,,filing,2026-08-07,https://www.sec.gov/Archives/edgar/data/0001549346/000154934626000029/sstk-20260630.htm,"Our Data, Distribution, and Services revenues decreased by 16%, to $56.1 million in the three months ended June 30, 2026",fetch_failed,confirmed_independent; scope_ok
shutterstock,shutterstock-c013,"Data, Distribution, and Services was 25% of Shutterstock's Q2 2026 revenue.",25,percent of total revenue,"Data, Distribution, and Services share of total GAAP revenue, Q2 2026",per quarter,,filing,2026-08-04,https://www.sec.gov/Archives/edgar/data/1549346/000114036126031306/ef20079466_ex99-1.htm,and represented 25% of second quarter revenue in 2026,fetch_failed,
shutterstock,shutterstock-c014,Shutterstock's data offering revenue decreased 11% year on year in Q2 2026 (dollar amount not disclosed).,-11,percent change year on year,"data offering revenue, Q2 2026 vs Q2 2025",per quarter,,filing,2026-08-07,https://www.sec.gov/Archives/edgar/data/0001549346/000154934626000029/sstk-20260630.htm,"primarily driven by a decline in our data offering, which decreased by 11% in the three months ended June 30, 2026",fetch_failed,vendor_only; scope_ok
shutterstock,shutterstock-c015,Shutterstock's data offering revenue decreased 26% year on year in the first half of 2026.,-26,percent change year on year,"data offering revenue, H1 2026 vs H1 2025",per half-year,,filing,2026-08-07,https://www.sec.gov/Archives/edgar/data/0001549346/000154934626000029/sstk-20260630.htm,"a decline in our data offering, which decreased by 26% in the six months ended June 30, 2026",fetch_failed,vendor_only; scope_ok
shutterstock,shutterstock-c024,"Shutterstock's cost of revenue, which includes contributor royalties, fell by $12.2 million to $93.8 million in Q2 2026.",93.8,USD million,"GAAP cost of revenue (includes contributor royalties), Q2 2026",per quarter,,filing,2026-08-07,https://www.sec.gov/Archives/edgar/data/0001549346/000154934626000029/sstk-20260630.htm,"Cost of revenue decreased by $12.2 million to $93.8 million in the three months ended June 30, 2026",fetch_failed,
shutterstock,shutterstock-c027,Shutterstock says contributors earn a 20% average corporate royalty rate of the revenue it receives for data licences.,20,percent of revenue,"average royalty rate paid to contributors, of revenue Shutterstock receives for data licences; pooled, not per asset",per data deal,,vendor_stated,2026-10-01,https://submit.shutterstock.com/help/en/articles/10594694-shutterstock-data-licensing-and-the-contributor-fund,20% average corporate royalty rate of revenue received by Shutterstock,exact,vendor_only; scope_ok
shutterstock,shutterstock-c047,"Shutterstock's Data, Distribution, and Services revenue rose 16% to $203.3 million in 2025, driven by metadata sales and delivery plus Distribution and Services growth.",203.3,USD million,"GAAP revenue, Data, Distribution, and Services offering (data licensing not broken out)",per year,,filing,2026-02-17,https://www.sec.gov/Archives/edgar/data/1549346/000154934626000008/sstk-20251231.htm,"Services revenues increased by 16%, to $203.3 million in 2025",fetch_failed,confirmed_independent; quote_incomplete
shutterstock,shutterstock-c049,Shutterstock's data offering revenue grew 15% in 2024.,15,percent change year on year,"data offering revenue, FY2024 vs FY2023",per year,,filing,2026-02-17,https://www.sec.gov/Archives/edgar/data/1549346/000154934626000008/sstk-20251231.htm,"primarily driven by growth in our data offering, which grew 15% in the twelve months ended December 31, 2024",fetch_failed,confirmed_independent; scope_ok
shutterstock,shutterstock-c050,"At 31 December 2025 Shutterstock had about $35.3 million of contracted but unsatisfied obligations, mainly data offerings, to be recognised over five years.",35.3,USD million,"remaining contracted performance obligations, primarily data deals, outside deferred revenue; recognised over a five-year period",as at 2025-12-31,,filing,2026-02-17,https://www.sec.gov/Archives/edgar/data/1549346/000154934626000008/sstk-20251231.htm,contracted but unsatisfied performance obligations relating primarily to our data offerings,fetch_failed,vendor_only; quote_incomplete
shutterstock,shutterstock-c052,Shutterstock held a $13.0 million refund reserve for data deal contracts with customer cancellation rights at 31 December 2024.,13.0,USD million,"refund reserve liability for data deal contracts with customer cancellation rights, at 31 Dec 2024",as at 2024-12-31,,filing,2026-02-17,https://www.sec.gov/Archives/edgar/data/1549346/000154934626000008/sstk-20251231.htm,"As of December 31, 2024, the total refund reserve related to these contracts was $ 13.0 million",fetch_failed,confirmed_independent; scope_ok
shutterstock,shutterstock-c056,Shutterstock says over 3.5 million customers in more than 150 countries licensed content in 2025.,3.5,million customers,"customers licensing revenue-generating content, all offerings, FY2025 (lower bound 'over')",per year,,filing,2026-02-17,https://www.sec.gov/Archives/edgar/data/1549346/000154934626000008/sstk-20251231.htm,over 3.5 million customers in more than 150 countries licensed revenue-generating content,fetch_failed,
shutterstock,shutterstock-c089,Shutterstock says it has paid over $1 billion to contributors since 2003.,1,USD billion,"cumulative contributor payouts since 2003, all licence types (vendor-stated, lower bound 'over')",cumulative,,vendor_stated,2026-10-01,http://submit.shutterstock.com/help/en/articles/10594553-how-do-shutterstock-api-deals-impact-contributors,Over $1 billion paid to contributors since 2003,exact,vendor_only; scope_ok
shutterstock,shutterstock-c091,"Shutterstock's AWS Data Exchange sample is free, with no end date to the subscription.",0,USD,"price to subscriber of the 1,000-image sample dataset on AWS Data Exchange",one-off,AWS Data Exchange free sample,vendor_stated,2026-10-01,https://aws.amazon.com/marketplace/pp/prodview-w6cuvuwu6qrlo,This product is available free of charge. Free subscriptions have no end date and may be canceled any time.,exact,vendor_only; scope_ok
shutterstock,shutterstock-c116,"Shutterstock's Data, Distribution, and Services revenue rose 256% to $137.3 million in 2023, mainly from its data offering and Giphy.",137.3,USD million,"GAAP revenue, Data, Distribution, and Services offering, FY2023 (data not broken out)",per year,,filing,2024-02-21,https://www.sec.gov/Archives/edgar/data/1549346/000154934624000004/a2023-q4_exx991xpressrelea.htm,"Data, Distribution, and Services product offering increased 256% as compared to 2022, to $137.3 million",fetch_failed,confirmed_independent; quote_incomplete
shutterstock,shutterstock-c119,"The February 2024 investor deck's opportunity-sizing slide lists, first in its Data column, 10 anchor customers at $10 million annual revenue per customer.",10,USD million per customer per year,"annual revenue per anchor data customer as laid out on the deck slide (10 anchor customers); layout-dependent reading, vendor-stated",per year,,vendor_stated,2024-02-21,https://www.sec.gov/Archives/edgar/data/1549346/000154934624000004/shutterstock2027_long-ra.htm,Opportunity Sizing Data Distribution Services Today Anchor Customers 10 Annual Revenue per Customer $10 million,fetch_failed,vendor_only; scope_ok
shutterstock,shutterstock-c120,"Shutterstock's February 2024 investor deck cites 771 million images, 54 million videos and 3.2 million contributors.",771,million images,images in the collection per investor deck (vendor-stated),as at early 2024,,vendor_stated,2024-02-21,https://www.sec.gov/Archives/edgar/data/1549346/000154934624000004/shutterstock2027_long-ra.htm,771 million Images 54 million Videos 4+ million Music Tracks & SFX 1.3 million 3D Models 3.2 million Contributors,fetch_failed,vendor_only; scope_ok
snowflake-marketplace,snowflake-marketplace-c034,"When a free or trial listing is deleted, existing consumers keep access for exactly 30 days from the date of deletion.",30,days of continued consumer access,"free and trial listings, after provider deletes the listing",one-off,Snowflake Marketplace,vendor_stated,2026-10-01,https://docs.snowflake.com/en/collaboration/provider-listings-removing,exactly 30 days from the date of deletion,exact,vendor_only; quote_incomplete
snowflake-marketplace,snowflake-marketplace-c035,"For paid listings, the post-removal access window is one full calendar month regardless of the number of days.",1,calendar month of continued consumer access,"paid listings, after provider removes the listing",one-off,Snowflake Marketplace,vendor_stated,2026-10-01,https://docs.snowflake.com/en/collaboration/provider-listings-removing,"one full calendar month, regardless of the number of days",exact,vendor_only; scope_wrong
snowflake-marketplace,snowflake-marketplace-c050,"Under the Data Sharing Rebate Program, Snowflake pays providers tiered rebates of 10% to 50% of the Snowflake credits consumers spend using their shared data, capped by the provider's spend.",50,percent of consumers' Snowflake credits on qualifying jobs (range 10-50%),"rebate paid by Snowflake to the provider, tiered by consumer usage, capped based on provider spend",not stated,Snowflake Marketplace,legal_text,2026-10-01,https://www.snowflake.com/en/legal/data-sharing-rebate-program/,providers can earn tiered rebates from 10% to 50% based on their consumers' usage of shared data,exact,vendor_only; quote_incomplete
snowflake-marketplace,snowflake-marketplace-c072,"Each party's aggregate liability to the other under the Provider and Consumer Terms is capped at USD 50,000, outside excluded claims.",50000,USD aggregate liability cap,each party's total liability to the other under the Provider and Consumer Terms (Snowflake vs Customer); excludes payment and indemnity obligations,"aggregate, all claims",Snowflake Marketplace,legal_text,2026-03-31,https://www.snowflake.com/en/legal/optional-offerings/offering-specific-terms/snowflake-marketplace/provider-and-consumer-terms/,"for all claims in the aggregate (for damages or liability of any type) in connection with these Terms exceed $50,000 (USD)",exact,vendor_only; scope_ok
troveo,troveo-c002,Troveo says 95% of its content is exclusive to Troveo and licensed directly from the source.,95,percent of content,vendor-stated share of library exclusive to Troveo; denominator not stated,as at retrieval,,vendor_stated,2026-10-01,https://www.troveo.ai/,95% Exclusive to Troveo licensed direct from the source,fuzzy 0.86,unverifiable; scope_wrong
troveo,troveo-c003,"Troveo says it has 7,000+ data providers in its sourcing network.",7000,data providers,"vendor-stated count, lower bound",cumulative,,vendor_stated,2026-10-01,https://www.troveo.ai/,"7,000+ Data Providers in our global sourcing network",missing 0.71,unverifiable; scope_ok
troveo,troveo-c004,Troveo says its library holds 8M+ hours of video.,8000000,hours of video,"vendor-stated library size, lower bound",as at retrieval,,vendor_stated,2026-10-01,https://www.troveo.ai/,8M+ hours Videos,missing 0.00,confirmed_relayed; scope_ok
troveo,troveo-c005,Troveo says its library holds 4M+ hours of audio.,4000000,hours of audio,"vendor-stated library size, lower bound",as at retrieval,,vendor_stated,2026-10-01,https://www.troveo.ai/,4M+ hours Audio,missing 0.00,
troveo,troveo-c006,Troveo says it offers 350+ company (business) datasets.,350,company datasets,"vendor-stated count, lower bound",as at retrieval,,vendor_stated,2026-10-01,https://www.troveo.ai/,350+ Company Datasets,missing 0.00,unverifiable; scope_ok
troveo,troveo-c017,Troveo's content-owner page says it has paid $50M+ to creators globally.,50000000,USD paid to content owners,"vendor-stated cumulative payouts to creators/rights holders, lower bound; gross or net not stated",cumulative to retrieval,,vendor_stated,2026-10-01,https://www.troveo.ai/content-owners,$50M+$0M+ paid To creators globally,exact_nospace,disputed; scope_ok
troveo,troveo-c021,Troveo's content-owner page says 7M+ hours of video content have been licensed.,7000000,hours of video licensed,vendor-stated; unclear whether hours licensed to buyers or hours signed from owners,cumulative to retrieval,,vendor_stated,2026-10-01,https://www.troveo.ai/content-owners,7M+0M+ hours Video content licensed,exact_nospace,unverifiable; scope_ok
troveo,troveo-c027,Troveo says licensing deals can take 4-5 months from delivery to payout.,5,months from delivery to owner payout (upper end of 4-5),vendor-stated typical upper range; varies by deal,per deal,,vendor_stated,2026-10-01,https://support.troveo.com/articles/7834088496-how-long-do-troveo-licensing-deals-take,It is not uncommon for deals to take up to 4-5 months from delivery to payout.,exact,vendor_only; scope_ok
troveo,troveo-c044,In July 2026 Troveo said it had paid over $20 million through to rights holders.,20000000,USD paid to rights holders,"vendor-stated cumulative payouts, lower bound",cumulative to 2026-07-25,,vendor_stated,2026-07-25,https://www.troveo.ai/resources/licensed-video-data-for-ai,with over $20 million paid through to rights holders so far,exact,confirmed_relayed; scope_ok
troveo,troveo-c045,"Troveo says more than 7,000 licensors have signed with it, 95 percent of them exclusively.",95,percent of licensors signed exclusively with Troveo,"vendor-stated share of more than 7,000 licensors",as at 2026-07-25,,vendor_stated,2026-07-25,https://www.troveo.ai/resources/licensed-video-data-for-ai,"More than 7,000 licensors globally, 95 percent signed exclusively",exact,unverifiable; scope_ok
troveo,troveo-c055,Troveo says business datasets average four sales per dataset.,4,sales per dataset,vendor-stated average for business data; method not stated,average,business data licensing,vendor_stated,2026-10-01,https://www.troveo.ai/business-data,4× AVG Sales Per Dataset,exact,unverifiable; scope_ok
troveo,troveo-c057,Troveo's business-data page says it has paid $20M+ to licensors.,20000000,USD paid to licensors,"vendor-stated cumulative, lower bound",cumulative to retrieval,,vendor_stated,2026-10-01,https://www.troveo.ai/business-data,$20M+ Paid to Licensors,exact,
troveo,troveo-c059,Troveo's business-data page says it has 40+ active buyers.,40,active buyers,"vendor-stated, lower bound; scope (business data or whole marketplace) not stated",as at retrieval,,vendor_stated,2026-10-01,https://www.troveo.ai/business-data,40+ Active Buyers,exact,unverifiable; scope_ok
troveo,troveo-c068,Techstrong.ai reported in May 2026 that Troveo had paid out more than $20 million to thousands of content owners.,20000000,USD paid to content owners,"vendor figure relayed by press, lower bound",cumulative to 2026-05-01,,press_relayed,2026-05-01,https://techstrong.ai/features/troveo-expands-types-of-licensed-content-available-for-training-ai-models/,it has paid out more than $20 million to thousands of content owners,exact,confirmed_relayed; scope_ok
troveo,troveo-c074,"Troveo says business-data owners receive 60 percent of the licence fees Troveo collects from buyers for their data, counted before costs.",60,percent of licence fees collected from buyers,paid to the business-data owner; gross (counted before costs); Troveo retains the remaining 40 percent,per sale,"business data licence agreement (owner side), as described by Troveo",vendor_stated,2026-09-04,https://www.troveo.ai/resources/business-data-license-agreement,"You receive 60 percent of the license fees Troveo collects from buyers for your data, and the fees are counted before any",exact,vendor_only; quote_incomplete
troveo,troveo-c080,Troveo says owner payment follows within 45 days of Troveo receiving the buyer's fee.,45,days after Troveo receives buyer's fee,maximum payment lag to owner under the business data agreement,per payment,"business data licence agreement (owner side), as described by Troveo",vendor_stated,2026-09-04,https://www.troveo.ai/resources/business-data-license-agreement,Payment follows within 45 days of Troveo receiving the buyer's fee,exact,vendor_only; scope_ok
troveo,troveo-c081,Troveo says there is a minimum payout threshold of 500 dollars for US licensors.,500,USD minimum payout,threshold before a US licensor is paid,per payout,"business data licence agreement (owner side), as described by Troveo, US",vendor_stated,2026-09-04,https://www.troveo.ai/resources/business-data-license-agreement,with a minimum payout threshold of 500 dollars for US licensors,exact,vendor_only; scope_ok
troveo,troveo-c095,Troveo lists a Broadcast News dataset of 408K+ hours.,408000,hours,"vendor-stated listing size, lower bound",as at retrieval,,vendor_stated,2026-10-01,https://www.troveo.ai/datasets/broadcast-news,408K+,exact,
troveo,troveo-c097,Troveo lists a Talking Head dataset of 449K+ hours.,449000,hours,"vendor-stated listing size, lower bound",as at retrieval,,vendor_stated,2026-10-01,https://www.troveo.ai/datasets/talking-head,449K+,exact,unverifiable; quote_incomplete
troveo,troveo-c099,The Everyday Tasks POV listing states 12.4K+ hours.,12400,hours,"vendor-stated listing size, lower bound",as at retrieval,,vendor_stated,2026-10-01,https://www.troveo.ai/datasets/everyday-tasks-pov,12.4K+,exact,
troveo,troveo-c100,Troveo's world-models page says it has 500K+ hours of native action-aligned gameplay.,500000,hours of gameplay,"vendor-stated, lower bound",as at retrieval,,vendor_stated,2026-10-01,https://www.troveo.ai/world-models,500K+ hours,exact,unverifiable; quote_incomplete
troveo,troveo-c120,"In late September 2026 Troveo said it had paid rights holders more than $20 million across video, audio, gaming, robotics and business data.",20000000,USD paid to rights holders,"vendor-stated cumulative payouts across all modalities, lower bound",cumulative to 2026-09-29,,vendor_stated,2026-09-29,https://www.troveo.ai/resources/data-monetization-models,"we've paid rights holders more than 20 million dollars across video, audio, gaming, robotics and business data",exact,confirmed_relayed; scope_ok
truelabel,truelabel-c002,truelabel says on its homepage that it works with more than 100 vendors.,100,vendors (lower bound),"vendor-stated count of supply vendors on the platform, stated as 100+",as of retrieval,,vendor_stated,2026-10-01,https://truelabel.ai/,100+ vendors.,exact,unverifiable; scope_ok
truelabel,truelabel-c003,truelabel says on its homepage that it operates in more than 100 countries.,100,countries (lower bound),"vendor-stated geographic reach, stated as 100+",as of retrieval,,vendor_stated,2026-10-01,https://truelabel.ai/,100+ countries.,exact,unverifiable; scope_ok
truelabel,truelabel-c021,The FAQ says spec to first sample packet usually takes one to three weeks.,3,weeks (upper end of a 1-3 week range),vendor-stated typical time from buyer spec to first sample packet,per engagement,,vendor_stated,2026-10-01,https://truelabel.ai/faq,Spec to first sample packet is usually one to three weeks,exact,vendor_only; scope_ok
truelabel,truelabel-c069,Collectors must retain each consent and release for six years after the job completes.,6,years,"minimum retention of each consent and release by the collector, counted from job completion",one-off,,legal_text,2026-06-19,https://truelabel.ai/legal/collector-agreement,"You will retain each such consent, permission, and release for six (6) years after the job completes",exact,vendor_only; scope_ok
truelabel,truelabel-c070,truelabel may extend the consent-retention period to up to ten years in total to support an active buyer engagement.,10,years,maximum total consent-retention period truelabel may require of a collector,one-off,,legal_text,2026-06-19,https://truelabel.ai/legal/collector-agreement,not exceeding ten (10) years in total,exact,vendor_only; quote_incomplete
truelabel,truelabel-c074,truelabel may audit records relating to a collector's jobs for up to two years after completion.,2,years,period after job completion during which truelabel may audit a collector's records,one-off,,legal_text,2026-06-19,https://truelabel.ai/legal/collector-agreement,We may audit records relating to your jobs for up to two (2) years after a job completes,exact,vendor_only; scope_ok
truelabel,truelabel-c085,A referring collector earns USD 0.50 per accepted hour the referred collector is paid for.,0.5,USD per accepted hour of referred collector's footage,referral bonus paid by truelabel to a referring collector (buddy leg),per accepted hour,,legal_text,2026-07-04,https://truelabel.ai/legal/referral-incentive-program-policy,US$0.50 per Accepted Hour a Referred Collector is paid for,exact,vendor_only; scope_wrong
truelabel,truelabel-c086,The buddy referral bonus is capped at a flat USD 25 per week.,25,USD,weekly cap on buddy referral bonus paid to a collector,per week,,legal_text,2026-07-04,https://truelabel.ai/legal/referral-incentive-program-policy,flat US$25 per Week,exact,vendor_only; scope_ok
truelabel,truelabel-c087,A community partner earns USD 1.00 per accepted hour an introduced collector is paid for.,1.0,USD per accepted hour of introduced collector's footage,referral bonus paid by truelabel to a community partner,per accepted hour,,legal_text,2026-07-04,https://truelabel.ai/legal/referral-incentive-program-policy,US$1.00 per Accepted Hour an Introduced Collector is paid for,exact,vendor_only; scope_wrong
truelabel,truelabel-c088,Community partner bonuses are capped at USD 150 per introduced collector.,150,USD,cap on community partner bonus per introduced collector,one-off,,legal_text,2026-07-04,https://truelabel.ai/legal/referral-incentive-program-policy,US$150 per Introduced Collector,exact,vendor_only; scope_ok
truelabel,truelabel-c089,"Community partner bonuses are capped at USD 2,000 per calendar month across all recruits.",2000,USD,monthly cap on community partner bonus across all recruits,per month,,legal_text,2026-07-04,https://truelabel.ai/legal/referral-incentive-program-policy,"US$2,000 per calendar month across all recruits",exact,vendor_only; scope_ok
truelabel,truelabel-c093,"truelabel's cost estimator, in its default scenario, shows an expected cost of USD 2,825 to 4,408 per accepted hour.",2825,"USD per accepted hour (low end of 2,825-4,408 range)",buyer-side budget estimate from the public estimator's default inputs; the page says it is not a quote,per accepted hour,,vendor_stated,2026-10-01,https://truelabel.ai/tools/robotics-data-cost-estimator,"Expected cost per accepted hour: $2,825-$4,408",exact,vendor_only; scope_ok
truelabel,truelabel-c097,A US smartphone collector opportunity pays USD 20 per approved hour of usable footage.,20,USD per approved hour of usable footage,paid by truelabel to an individual collector; United States smartphone opportunity page,per approved hour,"smartphone video collector, United States",vendor_stated,2026-10-01,https://truelabel.ai/collector-jobs/opportunities/smartphone-video-data-collector-united-states,$20 per approved hour of usable footage,exact,vendor_only; scope_ok
truelabel,truelabel-c098,A Mexico first-person collector opportunity pays USD 18 per approved hour of usable footage.,18,USD per approved hour of usable footage,paid by truelabel to an individual collector; Mexico first-person opportunity page,per approved hour,"first-person video collector, Mexico",vendor_stated,2026-10-01,https://truelabel.ai/collector-jobs/opportunities/first-person-video-data-collector-mexico,$18 per approved hour of usable footage,exact,vendor_only; scope_ok
truelabel,truelabel-c121,"truelabel's blog comparison table lists truelabel at USD 25,000 to 200,000 programs with 60 to 90 day delivery.",25000,"USD per program (low end of 25,000-200,000 range)","vendor-stated indicative buyer spend per custom capture programme, in its own blog comparison table",per program,,vendor_stated,2026-05-07,https://truelabel.ai/blog/best-robotics-dataset-marketplaces-2026,"$25,000-$200,000 programs, 60-90 day delivery",exact,vendor_only; scope_ok
truelabel,truelabel-c122,"truelabel's blog gives an indicative candidate capture price of USD 1.50 to 4.00 per episode for a 5,000-episode baseline.",1.5,USD per episode (low end of 1.50-4.00 range),"vendor-stated indicative buyer price for capture, before QA and licence overhead",per episode,,vendor_stated,2026-05-07,https://truelabel.ai/blog/best-robotics-dataset-marketplaces-2026,Truelabel candidate capture at $1.50-$4.00 per episode,exact,vendor_only; scope_ok
truelabel,truelabel-c125,"The rights register reports counts of 5 allowed, 6 restricted, 25 unclear and 0 research-only datasets.",36,datasets reviewed in the rights register (5+6+25+0),sum of the register's stated status counts,as of retrieval,,vendor_stated,2026-10-01,https://truelabel.ai/datasets/commercial-use,Current counts: 5 allowed · 6 restricted · 25 unclear · 0 research-only.,exact,vendor_only; scope_ok
truelabel,truelabel-c127,truelabel's public dataset directory indexes 658 dataset pages.,658,dataset pages,count of third-party and public dataset pages in the directory,as of retrieval,,vendor_stated,2026-10-01,https://truelabel.ai/datasets,658 dataset pages indexed,exact,vendor_only; scope_ok
twentybn,twentybn-c010,"The first Something-Something release contained 108,499 videos across 174 labels.",108499,video clips,total clips in the version described in the 2017 paper (v1),one-off,Something-Something v1,academic,2017-06-15,https://arxiv.org/pdf/1706.04261v2,"It currently contains 108, 499 videos across 174",exact,confirmed_independent; scope_ok
twentybn,twentybn-c011,"The first Something-Something release was generated by 1,133 crowd workers.",1133,crowd workers,distinct contributors to v1 as stated by the dataset authors,one-off,Something-Something v1,academic,2017-06-15,https://arxiv.org/pdf/1706.04261v2,the dataset was generated by 1133 crowd workers,exact,vendor_only; scope_ok
twentybn,twentybn-c016,"The Jester gesture dataset contains 148,092 short video clips.",148092,video clips,total clips in Jester v1 as stated by the dataset authors,one-off,Jester v1,academic,2019,https://openaccess.thecvf.com/content_ICCVW_2019/papers/HANDS/Materzynska_The_Jester_Dataset_A_Large-Scale_Video_Dataset_of_Human_Gestures_ICCVW_2019_paper.pdf,"Total number of videos 148,092",exact,confirmed_independent; scope_ok
twentybn,twentybn-c017,"Jester was recorded by 1,376 crowd workers acting as actors.",1376,crowd workers (actors),distinct contributors as stated by the dataset authors,one-off,Jester v1,academic,2019,https://openaccess.thecvf.com/content_ICCVW_2019/papers/HANDS/Materzynska_The_Jester_Dataset_A_Large-Scale_Video_Dataset_of_Human_Gestures_ICCVW_2019_paper.pdf,Number of actors 1376,exact,vendor_only; scope_ok
twentybn,twentybn-c027,"Something-Something v2 has 220,847 labelled clips of humans performing pre-defined actions with everyday objects.",220847,video clips,"total clips in v2 across train, validation and test, per the community card",one-off,Something-Something v2,independent,2026-10-01,https://huggingface.co/datasets/HuggingFaceM4/something_something_v2,"a collection of 220,847 labeled video clips of humans performing pre-defined, basic actions",exact,confirmed_independent; scope_ok
twentybn,twentybn-c033,"AirLetters was recorded by 1,781 crowd workers.",1781,crowd workers,distinct contributors as stated by the dataset authors,one-off,AirLetters,academic,2024-10-03,https://arxiv.org/html/2410.02921,with 1781 crowd workers contributing,exact,vendor_only; scope_ok
twentybn,twentybn-c044,"QEVD-Fit-300K's short labelled videos were crowd-sourced from over 1,900 participants.",1900,participants,"lower bound ('over 1,900 unique participants') as stated by the authors",one-off,QEVD-Fit-300K,academic,2026-04-14,https://arxiv.org/html/2407.08101,"crowd-sourced from over 1,900",exact,vendor_only; scope_ok
unidata,unidata-c002,Unidata says its dataset catalogue holds more than 70 datasets.,70,"datasets (lower bound, '70+')",vendor-stated count of catalogue datasets,as of retrieval,,vendor_stated,2026-10-01,https://unidata.pro/datasets/,70+ Datasets,exact,confirmed_relayed; scope_ok
unidata,unidata-c005,"Unidata says it has more than 1,100 labelers and AI experts.",1100,labelers and AI experts (lower bound),vendor-stated headcount,as of retrieval,,vendor_stated,2026-10-01,https://unidata.pro/about-us/,"1,100+ Labelers & AI Experts",exact,
unidata,unidata-c006,Unidata says it has more than 200 corporate clients.,200,corporate clients (lower bound),"vendor-stated client count, all services not only datasets",as of retrieval,,vendor_stated,2026-10-01,https://unidata.pro/about-us/,200+ Corporate Clients,exact,
unidata,unidata-c008,"Unidata's Anti-Spoofing Real Videos listing states the dataset covers 43,670 people.",43670,people depicted,vendor-stated listing statistic for the full dataset,as of retrieval,Anti-Spoofing Real Videos Dataset,vendor_stated,2026-10-01,https://unidata.pro/datasets/face-anti-spoofing/,"43,670",exact,confirmed_relayed; quote_incomplete
unidata,unidata-c009,"Unidata's Egocentric Video Dataset listing states 4,050 hours of video.",4050,hours of egocentric video,vendor-stated size of the ready-made dataset,as of retrieval,Egocentric Video Dataset,vendor_stated,2026-10-01,https://unidata.pro/datasets/egocentric-video/,"4,050 hours",exact,
unidata,unidata-c019,Unidata's Selfie with ID listing says 87% of datasets are delivered in 3 to 10 days.,87,percent of datasets delivered within 3-10 days,vendor-stated delivery performance,not stated,,vendor_stated,2026-10-01,https://unidata.pro/datasets/selfie-with-id/,87% of datasets delivered in 3–10 days,exact,vendor_only; scope_ok
unidata,unidata-c020,Unidata's become-a-partner page offers startups a 15% discount on all projects.,15,percent discount,discount off Unidata's price for startups in its partner programme; list price not stated,not stated,startup partners,vendor_stated,2026-10-01,https://unidata.pro/become-a-partner/,15% discount on all projects,exact,
unidata,unidata-c021,Unidata's datasets page claims its custom collection is up to 70% cheaper than doing it in-house.,70,percent cheaper (upper bound),vendor claim comparing its custom collection with in-house cost; no base price stated,not stated,,vendor_stated,2026-10-01,https://unidata.pro/datasets/,Up to 70% cheaper than in-house,exact,vendor_only; scope_ok
unidata,unidata-c028,"Unidata's Hugging Face sample card describes a dataset of 6,000 facial images of 300 children and teenagers.",300,people depicted (children and teenagers),vendor-stated size of the full Kids and Teens Selfie dataset,as of retrieval,Kids and Teens Selfie Dataset,vendor_stated,2026-10-01,https://huggingface.co/datasets/UniDataPro/kids-and-teens-selfie-dataset,"6,000 high-quality facial images from 300 people (children and teenagers)",exact,unverifiable; scope_ok
unidata,unidata-c034,"Unidata's Hugging Face card states the full face anti-spoofing dataset has 98,000 videos and selfies from 170 countries.",98000,videos and selfies,vendor-stated full-dataset size on the Hugging Face sample card,as of retrieval,face-anti-spoofing (Hugging Face card),vendor_stated,2026-10-01,https://huggingface.co/datasets/UniDataPro/face-anti-spoofing,"The dataset consists of 98,000 videos and selfies from 170 countries",exact,disputed; scope_ok
unidata,unidata-c045,"Unidata's blog estimates, as a general market figure and not a Unidata price, that buying a dataset costs $50k to $400k.",50000,"USD per dataset (low end of a 50,000-400,000 range)",Unidata blog's generic estimate of what buyers pay to license a dataset; not a Unidata list price,one-off,,vendor_stated,2026-06-03,https://unidata.pro/blog/build-or-buy-ml-dataset/,"$50k–$400k depending on volume, industry and licensing",exact,
unidata,unidata-c046,"In a post dated 24 July 2026 Unidata says it has captured 10,255 hours of egocentric data to date.",10255,hours of egocentric video captured,"vendor-stated cumulative capture, catalogue and custom combined",cumulative to 2026-07-24,,vendor_stated,2026-07-24,https://unidata.pro/blog/best-egocentric-data-providers-for-robotics/,"38,457 scenarios, 10,255 hours captured to date",exact,unverifiable; scope_ok
vaisual,vaisual-c042,"The DataSet Shop standard price table's single-image row reads USD 0.005, 0.02, 0.03, 0.04, 0.05 and 0.075 for 128px to 4K, and 1.000 at full resolution.",0.04,USD per image,"list price paid by buyer at 1024px long edge, standard (non-generative) use; linear in quantity",one-off,"Standard pricing table, Standard (non-generative) use",vendor_stated,2026-10-01,https://datasetshop.com/pricing,1 | 0.005 | 0.02 | 0.03 | 0.04 | 0.05 | 0.075 | 1.000,exact,
vaisual,vaisual-c044,"The DataSet Shop synthetic media price table's single-image row reads USD 0.3, 0.4, 0.5, 0.75, 1, 1.25 and 1.5 for 128px to full resolution.",0.75,USD per image,list price paid by buyer at 1024px for generative visual synthetic media use,one-off,"Synthetic Media Pricing Table, Extended (generative) use",vendor_stated,2026-10-01,https://datasetshop.com/pricing,1 | 0.3 | 0.4 | 0.5 | 0.75 | 1 | 1.25 | 1.5,exact,
vaisual,vaisual-c045,The DataSet Shop annual subscription costs 50% of the initial one-time price.,50,percent of one-time price,"paid by buyer per year, as a share of the dataset's one-time list price",per year,Annual subscription,vendor_stated,2026-10-01,https://datasetshop.com/pricing,The cost of the annual subscription is 50% of the initial one-time price.,exact,
vaisual,vaisual-c046,The DataSet Shop offers the first subscription year at 30% of the initial one-time price.,30,percent of one-time price,"paid by buyer for the first subscription year, as a share of the one-time list price",per year,"Annual subscription, First year",vendor_stated,2026-10-01,https://datasetshop.com/pricing,The first year is offered at a discounted rate of 30% of the initial one-time price.,exact,
vaisual,vaisual-c047,"The Complete People Dataset listing prices the 128px version at USD 1,999.",1999,USD per dataset,list price paid by buyer for the whole dataset at 128px; licence and subscription option shown separately,one-off,"Complete People Dataset, 128px",vendor_stated,2026-10-01,https://datasetshop.com/datasets/fullpeoplebiometricset,"128px $1,999",exact,
vaisual,vaisual-c048,"The Complete People Dataset listing prices the 4K version at USD 29,000.",29000,USD per dataset,list price paid by buyer for the whole dataset at 4K; licence and subscription option shown separately,one-off,"Complete People Dataset, 4K",vendor_stated,2026-10-01,https://datasetshop.com/datasets/fullpeoplebiometricset,"4K $29,000",exact,
vaisual,vaisual-c049,"The Panther Media Collection listing prices the 1920px version at USD 10,000.",10000,USD per dataset,"list price paid by buyer for the whole collection at 1920px, standard licence",one-off,"Panther Media Collection, 1920px",vendor_stated,2026-10-01,https://datasetshop.com/datasets/panthermedia-collection-dataset,"1920px $10,000",exact,
wejo,wejo-c008,Wejo's 8-K of 28 June 2023 put the accelerated amount under the GM secured convertible note at about USD 10.5 million of principal and interest.,10.5,USD million,"principal and interest owed by Wejo Group under the GM Holdings secured convertible note, accelerated on default",as at June 2023,,filing,2023-06-28,https://www.sec.gov/Archives/edgar/data/1864448/000186444823000140/wejo-20230628.htm,approximately $10.5 million in principal and interest through December 2023 in the aggregate under,fetch_failed,vendor_only; quote_incomplete
wejo,wejo-c009,Wejo's 8-K of 28 June 2023 put the accelerated amount under its April 2021 secured loan notes (Securis Investment Partners as security agent) at about USD 42.6 million.,42.6,USD million,"principal and unpaid interest owed under the 21 April 2021 secured loan notes, accelerated on default",as at June 2023,,filing,2023-06-28,https://www.sec.gov/Archives/edgar/data/1864448/000186444823000140/wejo-20230628.htm,approximately $42.6 million in principal and unpaid interest through April 2024 in the aggregate under,fetch_failed,
wejo,wejo-c015,"Wejo reported FY2022 net revenue of USD 8.4 million, up 227% on 2021.",8.4,USD million,"Wejo Group consolidated net revenue, all product lines",per year (FY2022),,filing,2023-04-03,https://www.sec.gov/Archives/edgar/data/1864448/000186444823000064/wejo-8kex991q42022.htm,"Net Revenue for 2022 increased to $8.4 million, up 227% compared to the full-year 2021",fetch_failed,confirmed_independent; scope_ok
wejo,wejo-c016,Wejo reported an FY2022 net loss of USD 159.3 million.,159.3,USD million,Wejo Group consolidated net loss,per year (FY2022),,filing,2023-04-03,https://www.sec.gov/Archives/edgar/data/1864448/000186444823000064/wejo-8kex991q42022.htm,Net loss for 2022 was $159.3 million and Adjusted EBITDA loss was $97.2 million,fetch_failed,confirmed_independent; scope_ok
wejo,wejo-c017,Wejo reported FY2022 gross bookings of USD 18.8 million.,18.8,USD million,"gross bookings as defined by Wejo (company metric, not GAAP revenue)",per year (FY2022),,filing,2023-04-03,https://www.sec.gov/Archives/edgar/data/1864448/000186444823000064/wejo-8kex991q42022.htm,Gross Bookings increased by approximately 124% to $18.8 million in 2022,fetch_failed,
wejo,wejo-c018,Wejo reported total contract value of USD 39.4 million as of 31 December 2022.,39.4,USD million,total contract value as defined by Wejo (company metric),as at 31 Dec 2022,,filing,2023-04-03,https://www.sec.gov/Archives/edgar/data/1864448/000186444823000064/wejo-8kex991q42022.htm,"as of December 31, 2022 increased 92% to $39.4 million",fetch_failed,
wejo,wejo-c020,Wejo said it had approximately 108 customers as of 31 December 2022.,108,customers,all Wejo customers across both business lines,as at 31 Dec 2022,,filing,2023-04-03,https://www.sec.gov/Archives/edgar/data/1864448/000186444823000068/wejo-20221231.htm,the Company had approximately 108 customers across a variety of industries and sectors,fetch_failed,
wejo,wejo-c021,Wejo earned 74% of FY2022 revenue from Wejo Marketplace Data Solutions and 26% from Wejo Software & Cloud Solutions.,74,percent of revenue,share of Wejo Group FY2022 revenue from Wejo Marketplace Data Solutions,per year (FY2022),,filing,2023-04-03,https://www.sec.gov/Archives/edgar/data/1864448/000186444823000068/wejo-20221231.htm,the Company earned 74% of its revenue from the Wejo Marketplace Data Solutions,fetch_failed,
wejo,wejo-c022,Wejo said it had 20.8 million monetizable vehicles on its Wejo Neural Edge platform at 31 December 2022.,20.8,million vehicles,"connected vehicles whose data Wejo could monetise, per Wejo",as at 31 Dec 2022,,filing,2023-04-03,https://www.sec.gov/Archives/edgar/data/1864448/000186444823000068/wejo-20221231.htm,Wejo had 20.8 million monetizable vehicles on the Wejo Neural Edge platform,fetch_failed,
wejo,wejo-c023,"Wejo said it had 29 OEM, Tier 1 and fleet data access relationships at 31 December 2022.",29,data access relationships,"OEM, Tier 1 and fleet data suppliers",as at 31 Dec 2022,,filing,2023-04-03,https://www.sec.gov/Archives/edgar/data/1864448/000186444823000068/wejo-20221231.htm,"Wejo had 29 OEM, Tier 1, and Fleet data access relationships",fetch_failed,
wejo,wejo-c049,Wejo recognised a USD 2.4 million reduction of revenue in the six months to 30 June 2022 for revenue sharing and other fees paid to OEM partners.,2.4,USD million,"revenue sharing and other fees paid by Wejo to OEM data partners, netted against revenue where Wejo acted as agent",six months to 30 Jun 2022,,filing,2022-08-15,https://www.sec.gov/Archives/edgar/data/1864448/000186444822000079/wejo-20220630.htm,recognized a reduction of revenue of $1.3 million and $2.4 million,fetch_failed,vendor_only; quote_incomplete
wejo,wejo-c056,Wejo's May 2021 investor presentation claimed active agreements with 17 OEM and Tier 1 partners.,17,OEM and Tier 1 data partners,"active supply agreements, per Wejo",as at May 2021,,vendor_stated,2021-05-28,https://www.sec.gov/Archives/edgar/data/1864448/000110465921074265/tm2117781d1_425.htm,Active agreements with 17 OEM and Tier 1 partners,fetch_failed,
wejo,wejo-c059,Wejo's May 2021 investor presentation projected net revenue of USD 23 million for 2022.,23,USD million,"projected Wejo net revenue for 2022 (estimate), presented to investors before the SPAC merger",per year (2022E),,vendor_stated,2021-05-28,https://www.sec.gov/Archives/edgar/data/1864448/000110465921074265/tm2117781d1_425.htm,2020 A 2021 E 2022 E 2023 E 2024 E 2025 E,fetch_failed,
wirestock,wirestock-c007,"TechCrunch reported, citing the company, that Wirestock had an annual run-rate revenue of 40 million US dollars in May 2026.",40000000,USD,"annual run-rate revenue, company-reported to TechCrunch, not audited",per year,,press_relayed,2026-05-14,https://techcrunch.com/2026/05/14/wirestock-raises-23m-to-supply-multi-modal-data-to-ai-labs/,the company currently has an annual run-rate revenue of $40 million,exact,confirmed_relayed; scope_ok
wirestock,wirestock-c008,"TechCrunch reported that Wirestock supplies multimodal data to six of the largest foundation model makers, which the CEO would not name.",6,foundation-model customers,company-reported count of large foundation model makers served; unnamed,as of May 2026,,press_relayed,2026-05-14,https://techcrunch.com/2026/05/14/wirestock-raises-23m-to-supply-multi-modal-data-to-ai-labs/,"Wirestock currently provides multimodal data to six of the largest foundation model makers, but he wouldn't name them.",exact,confirmed_relayed; scope_ok
wirestock,wirestock-c009,TechCrunch reported that Wirestock had paid out 15 million US dollars to its contributors.,15000000,USD,"cumulative payouts to contributors, company-reported",cumulative to May 2026,,press_relayed,2026-05-14,https://techcrunch.com/2026/05/14/wirestock-raises-23m-to-supply-multi-modal-data-to-ai-labs/,has so far paid out $15 million to its contributors.,exact,confirmed_relayed; scope_ok
wirestock,wirestock-c010,TechCrunch reported that Wirestock employed 60 people in May 2026.,60,employees,"headcount, company-reported",as of May 2026,,press_relayed,2026-05-14,https://techcrunch.com/2026/05/14/wirestock-raises-23m-to-supply-multi-modal-data-to-ai-labs/,"Wirestock currently employs 60 people and will use the new funding to hire for research, engineering, and product roles.",exact,confirmed_relayed; scope_ok
wirestock,wirestock-c011,"TechCrunch reported that Wirestock has signed up more than 700,000 artists and designers who complete tasks for data collection.",700000,artists and designers signed up,"registered creators, company-reported",as of May 2026,,press_relayed,2026-05-14,https://techcrunch.com/2026/05/14/wirestock-raises-23m-to-supply-multi-modal-data-to-ai-labs/,"platform has signed up more than 700,000 artists and designers who complete different tasks for data collection",exact,confirmed_relayed; scope_ok
wirestock,wirestock-c012,Wirestock's About page says it has paid more than 6 million US dollars to creators.,6000000,USD,"cumulative paid to creators, vendor-stated; label '$6M+ Paid to Creators'",cumulative,,vendor_stated,2026-10-01,https://wirestock.io/about-us,$6M+ Paid to Creators,exact,vendor_only; scope_ok
wirestock,wirestock-c013,Wirestock's creators page says it has paid more than 20 million US dollars to creators.,20000000,USD,"cumulative paid to creators, vendor-stated; label '$20M+ Paid to Creators'",cumulative,,vendor_stated,2026-10-01,https://wirestock.io/creators,$20M+ Paid to Creators,exact,vendor_only; scope_ok
wirestock,wirestock-c014,Wirestock's About page says more than 10 million assets have been licensed for AI.,10000000,assets licensed for AI,vendor-stated cumulative count; label '10M+',cumulative,,vendor_stated,2026-10-01,https://wirestock.io/about-us,10M+ Assets Licensed for AI,exact,vendor_only; scope_ok
wirestock,wirestock-c015,Wirestock's AI Labs page says it sources more than 1 million new content items a month.,1000000,new content items per month,vendor-stated; page also states 50M+ total content and 700K+ creators,per month,,vendor_stated,2026-10-01,https://wirestock.io/ai-labs,1M+ New Content Sourced Monthly,exact,vendor_only; scope_ok
wirestock,wirestock-c032,"Under Dataset Deals Method 1 (Fractional Participation), a creator is paid their Fractional Participation multiplied by 50 percent of what the Dataset Partner pays Wirestock.",50,percent,"creator pool's share of the gross payment Wirestock receives from a Dataset Partner, divided pro rata by item count (Method 1)",per dataset deal,,legal_text,2026-01-20,https://wirestock.io/docs/terms-of-use,Your Fractional Participation multiplied by 50 percent of the total payment Wirestock receives from the Dataset Partner,exact,vendor_only; scope_ok
wirestock,wirestock-c033,"Under Dataset Deals Method 1, Wirestock keeps the remaining 50 percent of the Dataset Partner's payment.",50,percent,Wirestock's retained share of the gross Dataset Partner payment (Method 1),per dataset deal,,legal_text,2026-01-20,https://wirestock.io/docs/terms-of-use,You agree that Wirestock shall retain the remaining 50 percent of the total payment.,exact,vendor_only; scope_ok
wirestock,wirestock-c038,"Wirestock's Terms give a worked example: 100 of 10,000 participating items on a 10,000 US dollar deal pays the creator 50 US dollars.",50,USD,"illustrative example in the Terms, not a real deal: 1% of pool times 50% of a USD 10,000 Dataset Partner payment",per dataset deal,,legal_text,2026-01-20,https://wirestock.io/docs/terms-of-use,"100 (your total participating Content) / 10,000 (total Content participating) * (50% *$10,000 (payment)) = $50.00",exact,vendor_only; scope_ok
wirestock,wirestock-c039,"For stock downloads paid by a content marketplace, Wirestock pays the creator 85 percent of the royalty and keeps 15 percent.",85,percent,creator share of the royalty Wirestock receives from a content marketplace per download (legacy stock distribution),per download,,legal_text,2026-01-20,https://wirestock.io/docs/terms-of-use,"you agree that Wirestock will pay you 85% of the Royalty, but will keep 15% of the Royalty.",exact,vendor_only; scope_wrong
wirestock,wirestock-c040,For print sales Wirestock pays the creator 70 percent of what it receives from the purchaser and keeps 30 percent.,70,percent,"creator share of amount received from print purchaser, excluding shipping, processing and taxes",per print sale,,legal_text,2026-01-20,https://wirestock.io/docs/terms-of-use,Wirestock will pay you an amount equal to 70% of the total amount Wirestock receives from the purchaser,exact,vendor_only; scope_ok
wirestock,wirestock-c058,Wirestock's aggregate liability to creators and third parties under the Terms is capped at 500 US dollars.,500,USD,cap on Wirestock's aggregate liability to the creator and all third parties under the contributor Terms,aggregate,,legal_text,2026-01-20,https://wirestock.io/docs/terms-of-use,not to exceed five hundred dollars ($500.00 USD),exact,vendor_only; scope_ok
wirestock,wirestock-c064,Wirestock terminates an account no later than 120 days after a written request from the creator.,120,days,maximum time from creator's written termination request to account termination,one-off,,legal_text,2026-01-20,https://wirestock.io/docs/terms-of-use,it will terminate your account no later than 120 days following our receipt of a written request from you,exact,
wirestock,wirestock-c066,The minimum payout is 30 US dollars via PayPal and 50 US dollars via Payoneer per accounting period.,30,USD,minimum payout per accounting period via PayPal (USD 50 via Payoneer),per month,,legal_text,2026-01-20,https://wirestock.io/docs/terms-of-use,thirty U.S. Dollars (USD $30.00) for PayPal and fifty U.S. Dollars (USD $50.00) for Payoneer,exact,vendor_only; scope_ok
wirestock,wirestock-c067,"If a creator closes an account below the payout minimum, Wirestock deducts a 20 US dollar funds administration fee each month.",20,USD,monthly fee deducted from sub-minimum royalty balance after account termination,per month,,legal_text,2026-01-20,https://wirestock.io/docs/terms-of-use,a funds administration fee of $20 USD,exact,
wirestock,wirestock-c087,Wirestock says its review of a creator's test submission usually takes up to two days.,2,days,"typical review time for a creator test submission, vendor-stated",per submission,,vendor_stated,2026-10-01,https://framerusercontent.com/sites/28xXcwZQ1sdr0D4OjHIHMA/7PsHB3lkunyJY3L58Azk6K7TYyG5fg-sTyE9eFrrOIY.2dgPynaX.mjs,Usually up to 2 days.,exact,
wirestock,wirestock-c088,Wirestock says creators earn 50 percent commission each time one of their assets is licensed under the Commission Based plan.,50,percent,creator commission on each licence of an asset in a Commission Based project; basis of the percentage (gross or net) not stated,per licence,,vendor_stated,2026-07-13,https://wirestock.io/blog/how-to-get-paid-on-wirestock,You earn 50% commission each time someone licenses one of your assets,exact,vendor_only; scope_ok
wirestock,wirestock-c104,"The Virtual Try-On listing describes 10,000 person-plus-garment image pairs with JSON metadata.",10000,image pairs,stated dataset size on listing,as listed,,vendor_stated,2026-10-01,https://wirestock.io/datasets/virtual-try-on,"10,000 person-plus-garment image pairs",missing 0.00,vendor_only; quote_incomplete
wirestock,wirestock-c110,"The High-Bit Videos listing describes 5,000 clips shot on professional cinema cameras.",5000,video clips,stated dataset size on listing,as listed,,vendor_stated,2026-10-01,https://wirestock.io/datasets/high-bit-video,"5,000 high-bit video clips captured on professional cinema cameras",missing 0.00,vendor_only; scope_ok
wirestock,wirestock-c126,Wirestock's sell-your-content page claims more than 10 million US dollars in creator payouts.,10000000,USD,"cumulative creator payouts, vendor-stated",cumulative,,vendor_stated,2026-10-01,https://wirestock.io/creators/sell-your-content,$10M+ Creator Payouts,exact,vendor_only; scope_ok
doc-aws-dsa,doc-aws-dsa-c038,Each party's aggregate liability is capped at the greater of three times Subscriber Spend in the 12 months before the event or USD 1 million.,3,times Subscriber Spend,mutual aggregate cap; Subscriber Spend = all fees paid and payable by Subscriber to Provider under the DSA and DSA Offer; greater of this or USD 1 million,trailing 12 months before the event,AWS Marketplace Data Subscription Agreement (standard DSA offers),legal_text,2022-07-14,https://aws-mp-standard-contracts.s3.amazonaws.com/Data-Subscription-Agreement-for-AWS-Marketplace-2022-07-14.pdf,SHALL EXCEED THE GREATER OF THREE TIMES THE SUBSCRIBER SPEND IN THE TWELVE (12) MONTHS PRECEDING THE,exact,
doc-aws-dsa,doc-aws-dsa-c039,The alternative floor of the mutual liability cap is USD 1 million.,1000000,USD,mutual aggregate liability cap floor; applies when greater than 3x trailing-12-month Subscriber Spend,aggregate under the agreement,AWS Marketplace Data Subscription Agreement (standard DSA offers),legal_text,2022-07-14,https://aws-mp-standard-contracts.s3.amazonaws.com/Data-Subscription-Agreement-for-AWS-Marketplace-2022-07-14.pdf,EVENT GIVI NG RISE TO THE DAMAGES OR $1 MILLION,exact,
doc-aws-dsa,doc-aws-dsa-c053,"Provider must carry at least USD 5 million Commercial General Liability insurance per occurrence and in aggregate, and USD 5 million Professional Liability insurance.",5000000,USD,Provider's minimum Commercial General Liability cover per occurrence and aggregate; Professional Liability also USD 5M per claim and annual aggregate; kept during the term and one year after,per occurrence,AWS Marketplace Data Subscription Agreement (standard DSA offers),legal_text,2022-07-14,https://aws-mp-standard-contracts.s3.amazonaws.com/Data-Subscription-Agreement-for-AWS-Marketplace-2022-07-14.pdf,"not less than $5,000,000 per occurrence and $5,000,000 aggregate limit, and Professional Liability insurance",exact,
doc-defined-ai-supplier,doc-defined-ai-supplier-c019,The supplier's total liability under the indemnity clause is capped at two times the total value of business conducted between the parties under the GT&C.,2,multiple of total business value,"cap on the supplier's indemnity liability, as a multiple of the total value of business conducted between the parties under the GT&C",aggregate over the GT&C,Supplier Program,legal_text,2026-10-01,https://defined.ai/supplier-program,limited to an amount not exceeding two (2) times the total value of business conducted between the parties under the GT&C,exact,
doc-defined-ai-supplier,doc-defined-ai-supplier-c025,Defined.ai's supplier audits are limited to once per calendar year unless a material breach is suspected.,1,audit,maximum routine audits of the supplier by Defined.ai; more allowed if a material breach is suspected,per calendar year,Supplier Program,legal_text,2026-10-01,https://defined.ai/supplier-program,"no more than once per calendar year, unless a material breach is suspected",exact,
doc-defined-ai-supplier,doc-defined-ai-supplier-c026,Defined.ai must give a supplier at least 15 business days' written notice before starting an audit.,15,business days,minimum prior written notice Defined.ai gives the supplier before an audit,per audit,Supplier Program,legal_text,2026-10-01,https://defined.ai/supplier-program,at least fifteen (15) business days’ prior written notice before initiating any audit,exact,
doc-defined-ai-supplier,doc-defined-ai-supplier-c031,Either Defined.ai or the supplier may terminate the GT&C for convenience on 60 days' written notice.,60,days,prior written notice either party must give to terminate for convenience,one-off,Supplier Program,legal_text,2026-10-01,https://defined.ai/supplier-program,"terminate this the GT&C by convenience, effective on written notice to the other Party, given 60 (sixty) days’ prior notice",exact,
doc-getty-eula,doc-getty-eula-c052,Getty Images may add a service charge of 1.5% per month on unpaid invoice balances.,1.5,percent,"service charge on the licensee's unpaid invoice balance, or a lower legal maximum",per month,"Getty Images Content License Agreement, gettyimages.in",legal_text,2026-04,https://www.gettyimages.in/eula,"Getty Images may add a service charge of 1.5% per month, or such lesser amount as is allowed by law, on any unpaid balance",fetch_failed,
doc-kled-terms,doc-kled-terms-c037,The total liability of Kled and of its current and prospective customers and partners to a user is capped at one hundred US dollars.,100,USD,"cap on total liability of Kled and its current and prospective customers and partners to the user, for damages finally awarded",aggregate,Kled contributor app / data platform,legal_text,2026-07-21,https://www.kled.ai/terms-of-service,SHALL NOT EXCEED THE GREATER OF ONE HUNDRED DOLLARS ($100.00),exact,
doc-ldc-for-profit,doc-ldc-for-profit-c025,"LDC Standard for-profit membership costs USD 34,000 per calendar year and entitles the Member to up to 16 LDC Databases from the membership year.",34000,USD per membership year,annual fee paid by a for-profit Member for Standard Membership; up to 16 databases from that year,per year,LDC For-Profit Membership,legal_text,2026-10-01,https://catalog.ldc.upenn.edu/license/ldc-for-profit-membership.pdf,"$34,000 per calendar year. Standard Member is entitled to receive up to 16 LDC Databases from the Membership Year",exact,
doc-ldc-for-profit,doc-ldc-for-profit-c026,"LDC Subscription for-profit membership costs USD 40,000 per calendar year and entitles the Member to copies of all LDC Databases released in that year.",40000,USD per membership year,annual fee paid by a for-profit Member for Subscription Membership; all databases released that year,per year,LDC For-Profit Membership,legal_text,2026-10-01,https://catalog.ldc.upenn.edu/license/ldc-for-profit-membership.pdf,"$40,000 per calendar year. Subscription Member is entitled to automatically receive copies of all LDC Databases released",exact,
doc-opendatabay-fees,doc-opendatabay-fees-c007,"For a sale priced GBP 1 to 100, Opendatabay takes 30% and the seller receives 70%.",30,percent of sale price,Opendatabay commission deducted from the Data Provider's proceeds; single transaction value GBP 1-100; GBP,per transaction,"Opendatabay marketplace, data providers, GBP pricing",legal_text,2026-08-24,https://www.opendatabay.com/legal/fees,£1 - £100 30% 70%,exact,
doc-opendatabay-fees,doc-opendatabay-fees-c008,"For a sale priced GBP 101 to 1,000, Opendatabay's fee falls from 30% to 25% (seller 70% to 75%) progressively across the band.",30,percent of sale price,"Opendatabay commission deducted from the Data Provider's proceeds; single transaction value GBP 101-1,000, falling progressively from 30% to 25% across the band; GBP",per transaction,"Opendatabay marketplace, data providers, GBP pricing",legal_text,2026-08-24,https://www.opendatabay.com/legal/fees,"£101 - £1,000 30% → 25% 70% → 75%",exact,
doc-opendatabay-fees,doc-opendatabay-fees-c009,"For a sale priced GBP 1,001 to 10,000, Opendatabay's fee falls from 25% to 20% (seller 75% to 80%) progressively across the band.",25,percent of sale price,"Opendatabay commission deducted from the Data Provider's proceeds; single transaction value GBP 1,001-10,000, falling progressively from 25% to 20% across the band; GBP",per transaction,"Opendatabay marketplace, data providers, GBP pricing",legal_text,2026-08-24,https://www.opendatabay.com/legal/fees,"£1,001 - £10,000 25% → 20% 75% → 80%",exact,
doc-opendatabay-fees,doc-opendatabay-fees-c010,"For a sale priced GBP 10,001 to 25,000, Opendatabay's fee falls from 20% to 15% (seller 80% to 85%) progressively across the band.",20,percent of sale price,"Opendatabay commission deducted from the Data Provider's proceeds; single transaction value GBP 10,001-25,000, falling progressively from 20% to 15% across the band; GBP",per transaction,"Opendatabay marketplace, data providers, GBP pricing",legal_text,2026-08-24,https://www.opendatabay.com/legal/fees,"£10,001 - £25,000 20% → 15% 80% → 85%",exact,
doc-opendatabay-fees,doc-opendatabay-fees-c011,"For a sale priced GBP 25,001 to 50,000, Opendatabay's fee falls from 15% to 10% (seller 85% to 90%) progressively across the band.",15,percent of sale price,"Opendatabay commission deducted from the Data Provider's proceeds; single transaction value GBP 25,001-50,000, falling progressively from 15% to 10% across the band; GBP",per transaction,"Opendatabay marketplace, data providers, GBP pricing",legal_text,2026-08-24,https://www.opendatabay.com/legal/fees,"£25,001 - £50,000 15% → 10% 85% → 90%",exact,
doc-opendatabay-fees,doc-opendatabay-fees-c012,"For a sale priced GBP 50,001 to 250,000, Opendatabay's fee falls from 10% to 5% (seller 90% to 95%) progressively across the band.",10,percent of sale price,"Opendatabay commission deducted from the Data Provider's proceeds; single transaction value GBP 50,001-250,000, falling progressively from 10% to 5% across the band; GBP",per transaction,"Opendatabay marketplace, data providers, GBP pricing",legal_text,2026-08-24,https://www.opendatabay.com/legal/fees,"£50,001 - £250,000 10% → 5% 90% → 95%",exact,
doc-opendatabay-fees,doc-opendatabay-fees-c013,"For a sale priced GBP 250,001 or more, Opendatabay takes 5% and the seller receives 95%.",5,percent of sale price,"Opendatabay commission deducted from the Data Provider's proceeds; single transaction value GBP 250,001 and above; GBP",per transaction,"Opendatabay marketplace, data providers, GBP pricing",legal_text,2026-08-24,https://www.opendatabay.com/legal/fees,"£250,001 and above 5% 95%",exact,
doc-opendatabay-licence,doc-opendatabay-licence-c055,"Opendatabay's commission on a dataset sale is 30% of the sale price for transactions of £1 to £100, deducted before the provider is paid.",30,percent of sale price,"platform fee deducted from the seller's proceeds, per individual transaction of £1-£100",per transaction,,legal_text,2026-10-01,https://www.opendatabay.com/legal,£1 - £100 30% 70%,exact,
doc-opendatabay-licence,doc-opendatabay-licence-c056,"Opendatabay's commission falls to 5% for transactions of £250,001 and above.",5,percent of sale price,"platform fee deducted from the seller's proceeds, per individual transaction of £250,001 and above",per transaction,,legal_text,2026-10-01,https://www.opendatabay.com/legal,"£250,001 and above 5% 95%",exact,
doc-pixta-ai-terms,doc-pixta-ai-terms-c052,"Pixta's aggregate liability is capped at the fees paid between Pixta and the User in the three months before the damage arose, per member or per registered corporation.",3,months of fees paid between Pixta and the User,cap on Pixta's aggregate liability to a member (or per registered corporation); direct ordinary damages only,trailing three months before the damage,PIXTA AI dataset marketplace (Terms of Use),legal_text,2025-03-03,https://www.pixta.ai/term,FEES THAT HAS BEEN PAID BETWEEN PIXTA AND THE USER FOR A TERM OF THREE (3) MONTHS PRIOR TO THE DATE WHEN THE DAMAGE ARISED,exact,
doc-poseidon-terms,doc-poseidon-terms-c036,A contributor becomes eligible for a fiat payout once their Confirmed Balance reaches USD 25.,25,USD,minimum Confirmed Balance before Poseidon pays a contributor a fiat payout; Poseidon may change it on reasonable notice,per payout,Poseidon data contribution platform and App,legal_text,2026-08-26,https://www.psdn.ai/terms,once your Confirmed Balance reaches the minimum payout threshold of USD25,exact,
doc-poseidon-terms,doc-poseidon-terms-c062,Poseidon's total liability to a user is capped at USD 100 (the clause reads 'the greater of' but names only one amount).,100,USD,cap on Poseidon's total liability to the contributor/user for damages finally awarded; no cap stated on the contributor's indemnity,aggregate,Poseidon data contribution platform and App,legal_text,2026-08-26,https://www.psdn.ai/terms,TOTAL LIABILITY TO YOU FOR ANY DAMAGES FINALLY AWARDED SHALL NOT EXCEED THE GREATER OF ONE HUNDRED DOLLARS ($100.00),exact,
doc-snowflake-marketplace-terms,doc-snowflake-marketplace-terms-c033,"Each party's aggregate liability to the other under the Terms is capped at USD 50,000, except for Excluded Claims.",50000,USD,"each party's total liability to the other (Snowflake vs. Customer) under these Terms, all claims in aggregate; excludes Excluded Claims",aggregate for the Terms,Snowflake Marketplace,legal_text,2026-03-31,https://www.snowflake.com/en/legal/optional-offerings/offering-specific-terms/snowflake-marketplace/provider-and-consumer-terms/,"for all claims in the aggregate (for damages or liability of any type) in connection with these Terms exceed $50,000 (USD)",exact,
doc-snowflake-marketplace-terms,doc-snowflake-marketplace-terms-c045,Overdue amounts owed by a Consumer to Providers or Snowflake accrue late charges of 1.5% per month.,1.5,percent per month,"late charge on overdue amounts owed by the Consumer to Providers or Snowflake, or the legal maximum if lower",per month,Snowflake Marketplace,legal_text,2026-03-31,https://www.snowflake.com/en/legal/optional-offerings/offering-specific-terms/snowflake-marketplace/provider-and-consumer-terms/,will accrue late charges at a rate of 1.5% per month,exact,
doc-truelabel-terms,doc-truelabel-terms-c056,The floor of truelabel's service liability cap is USD 100.,100,USD,"floor of truelabel's total liability for service claims; alternative is amount paid to truelabel for the specific transaction in the prior three months, whichever is greater",per claim,"truelabel marketplace (buyers, suppliers, contributors)",legal_text,2026-06-19,https://truelabel.ai/legal/terms,during the three months before the event or USD $100,exact,
doc-wirestock-terms,doc-wirestock-terms-c023,Under Method 1 (Fractional Participation) the contributor receives their Fractional Participation times 50% of the total payment Wirestock receives from the Dataset Partner.,50,percent,"contributor pool share: 50% of the total payment Wirestock receives from the Dataset Partner, split among contributors by item count",per dataset deal,Dataset Deals Program,legal_text,2026-01-20,https://wirestock.io/docs/terms-of-use,Fractional Participation multiplied by 50 percent of the total payment Wirestock receives from the Dataset Partner,exact,
doc-wirestock-terms,doc-wirestock-terms-c024,Under Method 1 Wirestock retains the remaining 50% of the total Dataset Partner payment.,50,percent,Wirestock's retained share of the total payment received from the Dataset Partner,per dataset deal,Dataset Deals Program,legal_text,2026-01-20,https://wirestock.io/docs/terms-of-use,You agree that Wirestock shall retain the remaining 50 percent of the total payment.,exact,
doc-wirestock-terms,doc-wirestock-terms-c029,"For stock downloads paid by a content marketplace, Wirestock pays the contributor 85% of the royalty it receives and keeps 15%.",85,percent,contributor share of the royalty Wirestock receives from the content marketplace per download,per download,content marketplace distribution,legal_text,2026-01-20,https://wirestock.io/docs/terms-of-use,"Wirestock will pay you 85% of the Royalty, but will keep 15% of the Royalty",exact,
doc-wirestock-terms,doc-wirestock-terms-c030,"For Instant Pay content, Wirestock pays the contributor 85% of the advanced fixed rate it receives from a marketplace and keeps 15%.",85,percent,contributor share of the fixed per-image rate Wirestock receives from a participating marketplace,per image,Instant Pay Program,legal_text,2026-01-20,https://wirestock.io/docs/terms-of-use,"Wirestock will pay you 85% of the Advanced Rate Payout, but will keep 15% of the Advanced Rate Payout",exact,
doc-wirestock-terms,doc-wirestock-terms-c031,"For prints, Wirestock pays the contributor 70% of the amount it receives from the purchaser, excluding shipping, processing and taxes.",70,percent,"contributor share of the amount received from the print purchaser, excluding shipping, processing and taxes",per sale,Prints,legal_text,2026-01-20,https://wirestock.io/docs/terms-of-use,Wirestock will pay you an amount equal to 70% of the total amount Wirestock receives from the purchaser,exact,
doc-wirestock-terms,doc-wirestock-terms-c033,The minimum payout is USD 30 via PayPal or USD 50 via Payoneer; balances below it roll over.,30,USD,minimum contributor payout per accounting period via PayPal (USD 50 via Payoneer),per accounting period,,legal_text,2026-01-20,https://wirestock.io/docs/terms-of-use,thirty U.S. Dollars (USD $30.00) for PayPal and fifty U.S. Dollars (USD $50.00) for Payoneer,exact,
doc-wirestock-terms,doc-wirestock-terms-c034,"If a contributor terminates before reaching the payout minimum, Wirestock deducts a USD 20 funds administration fee from the balance each month.",20,USD,deducted by Wirestock from a terminated contributor's sub-minimum royalty balance,per month,,legal_text,2026-01-20,https://wirestock.io/docs/terms-of-use,a funds administration fee of $20 USD,exact,
doc-wirestock-terms,doc-wirestock-terms-c062,Wirestock's aggregate liability to the contributor and all third parties is limited to general money damages of at most USD 500.,500,USD,cap on aggregate liability of Wirestock and its partners to the contributor and all third parties,aggregate,,legal_text,2026-01-20,https://wirestock.io/docs/terms-of-use,shall be limited to general money damages not to exceed five hundred dollars ($500.00 USD),exact,
aikosh,aikosh-v001,"MeitY told the Lok Sabha on 29 July 2026 that AIKosh hosts more than 13,445 datasets across 22 sectors.",13445,datasets hosted,MeitY written answer to Parliament; lower bound ('more than'); the operator's own count,cumulative as of 2026-07-29,"AIKosh, India",government,2026-07-29,https://sansad.in/getFile/lsapps/loksabhaquestions/annex/188/AU1688_VkztvS.pdf?source=lsapps,"AIKosh, IndiaAI's datasets platform, hosts more than 13,445 datasets across 22 sectors from over 578 organisations",exact,
aikosh,aikosh-v002,MeitY told the Lok Sabha on 29 July 2026 that AIKosh's datasets come from over 578 organisations.,578,organisations,MeitY written answer to Parliament; lower bound ('over'); not stated whether all have contributed,cumulative as of 2026-07-29,"AIKosh, India",government,2026-07-29,https://sansad.in/getFile/lsapps/loksabhaquestions/annex/188/AU1688_VkztvS.pdf?source=lsapps,"AIKosh, IndiaAI's datasets platform, hosts more than 13,445 datasets across 22 sectors from over 578 organisations",exact,
aikosh,aikosh-v003,"MeitY told the Lok Sabha in July 2025 that AIKosh had recorded 13,000+ resource downloads (with 6,000 registered users) since its March 2025 beta launch.",13000,resource downloads,"MeitY written answer to Parliament; lower bound ('13,000+'); all artefact types, not datasets only",cumulative as of 2025-07-23,"AIKosh, India",government,2025-07-23,https://sansad.in/getFile/lsapps/loksabhaquestions/annex/185/AS42_UcKpjr.pdf?source=lsapps,"The platform has attracted over 265,000 visits, 6,000 registered users, and 13,000+ resource downloads",exact,
aikosh,aikosh-v004,"The IndiaAI Datasets Platform (AIKosh) pillar is allocated Rs 199.55 crore of the IndiaAI Mission's Rs 10,371.92 crore five-year outlay.",199.55,INR crore,"Government budget allocation to the datasets pillar, out of a Rs 10,371.92 crore mission outlay",five years from March 2024,"AIKosh, India",government,2026-07-29,https://sansad.in/getFile/lsapps/loksabhaquestions/annex/188/AU1717_Yzq3qz.pdf?source=lsapps,IndiaAI Datasets Platform 199.55,exact,
appen,appen-v001,"Appen's H1 FY26 ASX announcement reports Appen Global segment revenue of US$43.7 million for the six months to 30 June 2026, down 27% on the prior period, while Appen China grew 80%.",43.7,USD million revenue,"Appen Global segment revenue, all business lines, H1 FY26",half-year,Appen Global segment,filing,2026-08-27,https://cdn-api.markitdigital.com/apiman-gateway/ASX/asx-research/1.0/file/2924-03126948-2A1692509?access_token=83ff96335c2d45a094df02a206a39ff4,"Revenue of $43.7 million, -27% vs pcp",pdf_unparsed,
appen,appen-v002,Appen's H1 FY26 investor presentation gives the scale of its book-corpus dataset category as about 10 LLM-training sets and about 20 academic journal corpora.,20,academic journal corpora,vendor-stated approximate count in ASX-lodged investor presentation; category marked NEW,as of 2026-08,Book corpuses category,filing,2026-08-27,https://cdn-api.markitdigital.com/apiman-gateway/ASX/asx-research/1.0/file/2924-03126949-2A1692513?access_token=83ff96335c2d45a094df02a206a39ff4,"~10 LLM-training sets, ~20 academic journal corpora",pdf_unparsed,
aws-data-exchange,aws-data-exchange-v001,"AWS Marketplace adds a 1% regional listing fee, on top of the standard listing fee, for sales to buyers in South Korea.",1,percentage points,"additive regional listing fee paid by the seller on sales to South Korean buyers, all offer types",per transaction,South Korea,vendor_stated,2026-09-30,https://docs.aws.amazon.com/marketplace/latest/userguide/listing-fees.html,"South Korea, the listing fee would be 4% (3% standard private offer listing fees plus a 1% regional listing fee)",exact,
crowdworks-a1-data-marketplace,crowdworks-a1-data-marketplace-v003,"Crowdworks' 2026 half-year report shows revenue from 'listing commissions' (입점수수료) of KRW 28 million in H1 2026, 0.5% of total revenue, against KRW 29 million in FY2025 and none in FY2024; it does not say which platform the fees come from.",28,KRW million,"company revenue line '입점수수료' (listing/entry commission), payer and platform not stated",H1 2026 (Jan-Jun),"Crowdworks (company-wide revenue line; plausibly A1 seller fees, not stated), KR",filing,2026-06-30,https://dart.fss.or.kr/report/viewer.do?rcpNo=20260814001178&dcmNo=11529265&eleId=9&offset=131175&length=105974&dtd=dart4.xsd,기타 사업 입점수수료 28 0.5 29 0.3,exact,
crowdworks-a1-data-marketplace,crowdworks-a1-data-marketplace-v004,"Crowdworks' 'AI Data' segment revenue was KRW 613 million in H1 2026 (11.8% of revenue), against KRW 3,564 million for the full year 2025 and KRW 4,523 million in 2024.",613,KRW million,"segment revenue as reported, half-year; prior figures are full-year",H1 2026 (Jan-Jun),"Crowdworks AI Data segment (company-wide), KR",filing,2026-06-30,https://dart.fss.or.kr/report/viewer.do?rcpNo=20260814001178&dcmNo=11529265&eleId=9&offset=131175&length=105974&dtd=dart4.xsd,"AI Data 613 11.8 3,564 34.0 4,523 37.7",exact,
datacluster-labs,datacluster-labs-v001,"Kaggle's public API lists 71 datasets owned by DataCluster Labs, with 720,199 views and 94,442 downloads in total on 2026-10-01.",94442,downloads,"sum of downloadCount over the 71 entries returned by Kaggle's datasets/list API for user dataclusterlabs, pages 1-4; views sum 720,199",cumulative to 2026-10-01,Kaggle sample datasets,independent,2026-10-01,https://www.kaggle.com/api/v1/datasets/list?user=dataclusterlabs&page=1,"""downloadCount"":11071",missing 0.00,
dataseeds-ai,dataseeds-ai-v003,"Before releasing the DSD sample publicly, its authors removed 2,838 images that showed subjects of a sensitive nature, including people's faces, leaving 7,772 of about 10,610.",2838,images removed,"removed from the approximately 10,610-image DSD before public release for sensitive content including faces",one-off,DataSeeds.AI Sample Dataset (DSD),academic,2025-06-11,https://arxiv.org/html/2506.05673v3,"we removed 2,838 images that contained subjects of a sensitive nature, including people's faces.",exact,
futurebeeai,futurebeeai-v002,"Google Play shows 5K+ downloads for FutureBeeAI's Yugo collection app, the only third-party measure of crowd reach found; it neither confirms nor contradicts the vendor's 10k+ or 20,000+ contributor figures.",5000,app installs (lower bound of Google Play band),Google Play install band for the Android app only; excludes iOS and web contributors,"cumulative, as of retrieval","Yugo (Android), Google Play, all regions",independent,2026-10-01,https://play.google.com/store/apps/details?id=com.futurebeeai.yugo&hl=en&gl=US,5K+ Downloads,exact,
getty-images,getty-images-v006,"Getty's Q2 2026 10-Q says its Other revenue, which includes data access and licensing, fell 66.7% year over year to USD 5.2 million, mainly because of lower volume and recognition timing of data access and licensing agreements.",-66.7,percent change year over year,"reported Other revenue, Q2 2026 vs Q2 2025 (USD 5.2m vs 15.7m)",per quarter,"Other revenue (data access and/or licensing, music, DAM, distribution, print)",filing,2026-08-10,https://www.sec.gov/Archives/edgar/data/1898496/000162828026055246/gety-20260630.htm,"Other revenue decreased on a reported basis by $10.5 million, or 66.7% (67.2% CN), to $5.2 million",fetch_failed,
human-native,human-native-v002,"A share-allotment return for Human Native Ltd filed on 19 January 2026 records 797,955 seed preferred shares allotted for cash at GBP 6.266 paid per share (about GBP 5.0 million in total); the form dates the allotment 06/01/2025, and it was filed three days after the register was notified of Cloudflare's control.",6.266,GBP per seed preferred share,"amount paid per share on 797,955 seed preferred shares allotted for cash; total about GBP 5.0 million by multiplication; purpose of the allotment not stated",one-off,,filing,2026-01-19,https://find-and-update.company-information.service.gov.uk/company/15609120/filing-history/MzUwMDExNDYyMGFkaXF6a2N4/document?format=pdf&download=0,Number allotted 797955 Nominal value of each share 0.00001 Amount paid: 6.266,exact,
korea-ai-hub,korea-ai-hub-v003,"According to the Board of Audit, the Korean government spent KRW 1.6328 trillion from 2017 to 2024 building 903 AI training datasets for AI-Hub.",1632800000000,KRW,"government budget for building AI training datasets released through AI-Hub, cumulative",2017–2024,"AI-Hub, South Korea",government,2025-11,https://www.korea.kr/common/download.do?fileId=198544589&tblKey=GMN,"총 1조 6,328억 원의 예산을 투입하여 AI 학습용 데이터세트 총 903종을 구축하였으며",exact,
korea-ai-hub,korea-ai-hub-v006,"As of November 2025, 7 of the 915 datasets released on AI-Hub had been withdrawn from publication pending re-verification of the data.",7,datasets,"datasets suspended from publication for re-verification, out of 915 released",as at November 2025,"AI-Hub, South Korea",government,2025-11,https://www.korea.kr/common/download.do?fileId=198544589&tblKey=GMN,총 915종을 공개하였으나 그중 7종은 데이터 재검증을 위해 공개를 중단 중이며,exact,
laion-5b,laion-5b-v002,Human Rights Watch says the images it found in LAION's dataset captured 362 Australian and 358 Brazilian children without their consent.,720,children depicted without consent (362 Australian + 358 Brazilian),HRW count from its sample reviews across two investigations; not a full audit,as of September 2024,"LAION-5B, Australia, Brazil",independent,2024-09-03,https://www.hrw.org/news/2024/09/03/720-australian-and-brazilian-children-better-protected-ai-misuse,captured the faces and bodies of 362 Australian children and 358 Brazilian children without their consent,exact,
ldc,ldc-v001,LDC's November 2025 newsletter offered a 10% discount off the membership fee to any organisation joining or renewing before 2 March 2026.,10,percent discount,"off the annual membership fee, for organisations joining or renewing before 2 March 2026; paid by the member",membership year 2026,"Membership, all membership types",press_relayed,2025-11-17,https://list.elra.info/mailman3/hyperkitty/list/corpora@list.elra.info/message/AKIQJ4ZRWE4JJVP22PSBG3OBVEYQBTAE/,will receive a 10% discount off the membership fee,exact,
luel,luel-v002,TechCrunch reported at YC Demo Day (28 March 2026) that Luel claimed ARR of nearly US$2 million within six weeks.,2000000,USD ARR,"company-claimed annual recurring revenue, 'nearly', relayed by press",per year,,press_relayed,2026-03-28,https://techcrunch.com/2026/03/28/from-moon-hotels-to-cattle-herding-8-startups-investors-chased-at-yc-demo-day/,The company claims it's generating ARR of nearly $2 million within six weeks,exact,
nexdata,nexdata-v003,"On 24 September 2026 Datatang, Nexdata's Chinese parent brand, said the group's self-built data factory is 8,000 square metres with 300+ sets of dexterous hands and multi-form robot bodies, a week after Nexdata's award page gave 10,000+ square metres.",8000,square metres of data-factory floor space,vendor-stated (Datatang) facility size,as of 2026-09-24,CN,vendor_stated,2026-09-24,https://www.datatang.com/news/1239,公司自建 8000 平方米数据工厂，部署 300 多套灵巧手及多形态机器人本体,exact,
nexdata,nexdata-v004,"Nexdata's Datarade listing for face anti-spoofing data says Nexdata owns 3 million hours of audio data and 800TB of imagery data, a speech figure that differs from its partner page (200,000 hours) and its July 2026 article (10 million+ hours).",3000000,hours of audio data owned,vendor-stated inventory in Datarade listing boilerplate,as of retrieval,"Face Anti-spoofing Data, 200,000 ID (Datarade)",vendor_stated,2026-10-01,https://datarade.ai/data-products/nexdata-face-anti-spoofing-data-200-000-id-image-video-nexdata,"Nexdata owns off-the-shelf PB-level Large Language Model(LLM) Data, 3 million hours of Audio Data and 800TB of Imagery Data",exact,
opendatabay,opendatabay-v001,"OPENDATABAY LTD's filed accounts for the period to 31 May 2025 report an average of 1 person employed, including directors.",1,average monthly persons employed,"including directors, first accounting period to 31 May 2025",accounting period,UK,filing,2025-05-31,https://find-and-update.company-information.service.gov.uk/company/15711573/filing-history/MzUxNTM4NDY4M2FkaXF6a2N4/document?format=pdf&download=0,The average monthly number of persons (including directors) employed by the company during the period was,js_empty,
opendatabay,opendatabay-v002,"OPENDATABAY LTD's balance sheet at 31 May 2025 shows negative total equity of GBP 19,166, with GBP 1,087 cash against GBP 20,253 of short-term creditors.",-19166,GBP,total equity (net current liabilities) per filed small-company balance sheet; no profit and loss account filed,as at 31 May 2025,UK,filing,2025-05-31,https://find-and-update.company-information.service.gov.uk/company/15711573/filing-history/MzUxNTM4NDY4M2FkaXF6a2N4/document?format=pdf&download=0,"Total equity (19,166)",js_empty,
pixta-ai,pixta-ai-v003,"PIXTA Inc.'s consolidated revenue for January-June 2026 was 1,202.6 million yen, down 8.0% year on year, with an operating loss of 20.5 million yen.",1202587,thousand JPY revenue,"consolidated net sales, Japanese GAAP, H1 FY2026 (Jan-Jun 2026), down 8.0% YoY; operating loss 20,500 thousand JPY vs operating profit 89,547 thousand a year earlier",half-year,PIXTA Inc. group (consolidated),filing,2026-08-12,https://ssl4.eir-parts.net/doc/3416/tdnet/2871569/00.pdf,"売上高は、1,202,587千円（前年同期比8.0%減)、営業損失は、20,500千円",pdf_unparsed,
pixta-ai,pixta-ai-v004,"Revenue of the PIXTA segment (stock marketplace and ML data) was 868.4 million yen for January-June 2026, down 15.1% year on year.",868449,thousand JPY revenue,"PIXTA segment net sales to external customers, H1 FY2026, down 15.1% YoY; ML data revenue is not broken out",half-year,PIXTA segment (pixta.jp stock and ML data),filing,2026-08-12,https://ssl4.eir-parts.net/doc/3416/tdnet/2871569/00.pdf,"当中間連結会計期間における売上高は、868,449千円（前年同期比15.1%減)",pdf_unparsed,
pixta-ai,pixta-ai-v005,PIXTA Inc. had 107 employees on a consolidated basis and 66 at the parent company at the end of June 2026.,107,employees (consolidated),headcount at 30 June 2026; parent company 66,snapshot,PIXTA Inc. group,vendor_stated,2026-06-30,https://ssl4.eir-parts.net/doc/3416/ir_material_for_fiscal_ym/210501/00.pdf,従業員数 連結107名 単体66名（2026年6月末時点）,pdf_unparsed,
pixta-ai,pixta-ai-v006,PIXTA said orders for its machine-learning image and video data were about 3.3 times higher in January-June 2024 than in July-December 2023.,3.3,"times (order value, H1 2024 vs H2 2023)",vendor-stated order intake value for ML image/video data; absolute amounts not disclosed,half-year comparison,"PIXTA ML image/video data service (pixta.jp), Japan",vendor_stated,2024-08-28,https://ssl4.eir-parts.net/doc/3416/tdnet/2496411/00.pdf,機械学習用の画像・動画データの受注額が約3.3倍に増加したことをお知らせいたします,exact_nospace,
protege,protege-v003,Footwork said in August 2025 that Protege's GMV in 2025 had already grown more than 20 times over 2024.,20,"times growth in GMV (lower bound, 'more than 20X')","gross merchandise value, 2025 year-to-date vs 2024; stated by investor, figures from the company",2025 vs 2024,,independent,2025-08-13,https://nbt.substack.com/p/protege,Protege has grown more than 20X in GMV already in 2025 up from 2024,exact,
shaip,shaip-v002,"The US Apple App Store listing of Shaip's contributor app 'Shaip Work' shows 19 ratings averaging 2.6 out of 5, a platform-measured figure far below the 500K+ contributors Shaip claims (ratings are not downloads, and the Google Play listing linked from Shaip's site returned HTTP 404).",19,App Store ratings,"count of user ratings on the US Apple App Store listing, not downloads or active contributors","cumulative, as of retrieval","Shaip Work app, US App Store",independent,2026-10-01,https://apps.apple.com/us/app/shaip-work/id6447959870,2.6 out of 5 • 19 Ratings,exact,
shaip,shaip-v003,"Shaip's speech data catalogue page says its datasets cover over 65 languages and regional accents, a different count from the 50+ languages on its licensing page.",65,languages and regional accents,"vendor-stated catalogue coverage, lower bound; languages and accents counted together",as of retrieval,speech data catalogue,vendor_stated,2026-10-01,https://www.shaip.com/offerings/speech-data-catalog/,The datasets cover over 65 languages and regional accents,exact,
shutterstock,shutterstock-v001,"Shutterstock's Data, Distribution, and Services revenue fell 47% to $21.0 million in Q1 2026.",21.0,USD million,"GAAP revenue of the Data, Distribution, and Services offering, Q1 2026 (data not broken out)",per quarter,,filing,2026-04-28,https://www.sec.gov/Archives/edgar/data/1549346/000154934626000021/a2026-q1_exx991xpressrelea.htm,"decreased by $18.7 million, or 47%, as compared to the first quarter of 2025, to $21.0 million",fetch_failed,
shutterstock,shutterstock-v002,Shutterstock had no refund reserve liability for data deal contracts with customer cancellation rights at 31 December 2025.,0,USD million,"refund reserve liability for data deal contracts with cancellation rights, at 31 Dec 2025",as at 2025-12-31,,filing,2026-02-17,https://www.sec.gov/Archives/edgar/data/1549346/000154934626000008/sstk-20251231.htm,"As of December 31, 2025, the Company does not have a refund reserve liability.",fetch_failed,
shutterstock,shutterstock-v003,Shutterstock recognised $5.0 million of 2025 revenue from reversing refund reserves held against data deal cancellation rights.,5.0,USD million,revenue recognised in FY2025 from reversal of data deal refund reserves,per year,,filing,2026-02-17,https://www.sec.gov/Archives/edgar/data/1549346/000154934626000008/sstk-20251231.htm,the Company recognized $ 5.0 million of revenue from the reversal of refund reserves,fetch_failed,
shutterstock,shutterstock-v004,"Shutterstock's data offering accounted for $84.9 million of the growth in its Data, Distribution, and Services revenue from 2022 to 2023.",84.9,USD million,"year-on-year increase in data offering revenue, FY2023 vs FY2022 (the only dollar figure for the data offering found)",per year,,filing,2024-02-26,https://www.sec.gov/Archives/edgar/data/1549346/000154934624000007/sstk-20231231.htm,"growth in our data offering, which accounted for $84.9 million of the growth from 2022 to 2023",fetch_failed,
snowflake-marketplace,snowflake-marketplace-v001,Snowflake's 10-Q reports USD 162.2 million of accrued customer liabilities at 31 July 2026 for customer capacity commitments it expects to be spent on third-party products and services on Snowflake Marketplace.,162.196,USD million,Snowflake balance-sheet accrual: estimated portion of contractual customer commitments expected to be used on third-party Marketplace purchases; not GMV and not provider revenue,"point in time, 31 Jul 2026","Snowflake Marketplace (third-party products bought with committed capacity), global",filing,2026-07-31,https://www.sec.gov/Archives/edgar/data/1640147/000164014726000037/snow-20260731.htm,"Accrued customer liabilities related to Snowflake Marketplace (1) 162,196 122,893",fetch_failed,
snowflake-marketplace,snowflake-marketplace-v002,Snowflake's FY2026 10-K shows accrued customer liabilities related to Snowflake Marketplace rising from USD 21.5 million at 31 January 2025 to USD 122.9 million at 31 January 2026.,122.893,USD million,Snowflake balance-sheet accrual for customer commitments expected to be spent on third-party Marketplace purchases; prior-year comparative 21.489; not GMV,"point in time, 31 Jan 2026","Snowflake Marketplace (third-party products bought with committed capacity), global",filing,2026-01-31,https://www.sec.gov/Archives/edgar/data/1640147/000164014726000008/snow-20260131.htm,"Accrued customer liabilities related to Snowflake Marketplace (1) 122,893 21,489",fetch_failed,
troveo,troveo-v003,"Troveo says the minimum payout threshold under its business data agreement is 2,500 dollars for licensors outside the US.",2500,USD minimum payout,threshold before a non-US licensor is paid,per payout,"business data licence agreement (owner side), as described by Troveo, outside US",vendor_stated,2026-09-04,https://www.troveo.ai/resources/business-data-license-agreement,"500 dollars for US licensors and 2,500 dollars outside the US",exact,
troveo,troveo-v006,TechHQ reported in January 2025 that Troveo had distributed over 5 million dollars in licensing fees.,5000000,USD licensing fees distributed,"cumulative payouts to content owners, lower bound; gross or net not stated",cumulative to 2025-01,,press_relayed,2025-01-15,https://techhq.com/2025/01/content-creators-strike-gold-in-ai-content-licensing-boom/,Troveo AI alone distributing over $5 million in licensing fees,exact,
unidata,unidata-v001,"Unidata lists its datasets on Datarade, a third-party data marketplace, where the profile states a price range of $1,000 to $30,000 per one-off purchase.",30000,"USD per dataset purchase (upper end; lower end 1,000)",buyer pays; one-off licence purchase; listing prices set by Unidata,one-off,Unidata provider profile on Datarade,vendor_stated,2026-10-01,https://datarade.ai/data-providers/unidata/profile,"Unidata's APIs and datasets range in cost from $1,000 / purchase to $30,000 / purchase",exact,
unidata,unidata-v002,"On Datarade, Unidata's Anti-Spoofing Real Videos Dataset is priced at $15,000 as a one-off purchase, with monthly and yearly licences not available.",15000,USD,buyer pays; one-off purchase of the full dataset; price set by Unidata,one-off,Anti-Spoofing Real Videos Dataset (Datarade listing),vendor_stated,2026-10-01,https://datarade.ai/data-products/anti-spoofing-real-videos-dataset-87-340-files-for-facial-r-unidata,"One-off purchase $15,000 / purchase",exact,
unidata,unidata-v003,"On Datarade, Unidata's Egocentric Video Dataset (4,050 hours) is priced at $30,000 as a one-off purchase and delivered by S3 bucket.",30000,USD,buyer pays; one-off purchase; price set by Unidata,one-off,Egocentric Video Dataset (Datarade listing),vendor_stated,2026-10-01,https://datarade.ai/data-products/egocentric-video-dataset-239-3-hours-for-egocentric-action-unidata,"$30,000 / purchase",exact,
wejo,wejo-v002,"Wejo's Q2 2022 10-Q recorded USD 2.4 million of revenue share owed to GM alone as a reduction of revenue in the six months to 30 June 2022, the same figure it gave for all OEM revenue sharing and fees.",2.4,USD million,"revenue share owed by Wejo to GM, netted from Wejo's revenue",six months to 30 June 2022,Wejo Marketplace Data Solutions,filing,2022-08-15,https://www.sec.gov/Archives/edgar/data/1864448/000186444822000079/wejo-20220630.htm,"the Company recorded $ 1.4 million and $ 2.4 million, respectively, as a reduction to revenue, net",fetch_failed,
wirestock,wirestock-v002,"TechCrunch reported in July 2022 that Wirestock had about 100,000 contributors and 3 million pieces of content, against 700,000+ creators reported in May 2026.",100000,contributors,"registered contributors, company figure relayed by TechCrunch; 3 million content items",as of July 2022,,press_relayed,2022-07-01,https://techcrunch.com/2022/07/01/wirestock-getty/,"gives the 100,000 or so contributors on the Wirestock platform, and their 3 million pieces of content",exact,
